Player,Age,Pos,Team,TOI Org ES,TOI Org PP,TOI Org PK,TOI ES,TOI PP,TOI PK,Total TOI,Goals,Assists,Points,PP Points,Hits,BLK,PIM,FOW,FOL,GV,TK,SOG,Value,VAR,Rank (VAR),Fantasy Team,Pts
Connor McDavid,24,C,EDM,17.62,3.85,0,17.62,3.85,0,21.47,27,49,76,26,25,19,22,269,307,59,51,183,1314,1291,2,,299.2
Auston Matthews,23,C,TOR,17.36,3.29,0,17.36,3.29,0,20.66,33,34,67,21,24,53,8,393,339,50,53,213,1373,1351,1,,297.8
Nathan MacKinnon,25,C,COL,16.95,3.95,0,16.95,3.95,0,20.9,27,40,67,23,36,22,19,311,413,40,30,231,1281,1258,3,,283
Leon Draisaitl,25,"C,LW",EDM,17.47,3.78,1.12,17.47,3.78,1.12,22.38,28,43,71,24,24,17,21,510,458,66,51,165,1165,1178,4,,280.8
David Pastrnak,24,RW,BOS,15.28,3.73,0,15.28,3.73,0,19.02,29,36,65,25,38,19,33,5,8,59,37,198,1150,1147,5,,271.2
Nikita Kucherov,27,RW,TB,15.33,3.47,0,15.33,3.47,0,18.8,24,43,67,22,25,15,33,1,2,51,30,170,1075,1072,6,,265
Mitchell Marner,23,"C,RW",TOR,16.25,3.28,2.11,16.25,3.28,2.11,21.64,18,47,65,22,22,31,16,16,18,57,57,160,1041,1038,8,,257.4
Jack Eichel,24,C,BUF,17.59,3.77,0,17.59,3.77,0,21.37,23,37,60,20,38,33,21,447,500,55,32,198,1077,1055,7,,255.8
Evgeni Malkin,34,C,PIT,15.38,3.29,0,15.38,3.29,0,18.67,22,42,64,20,36,23,64,388,401,55,49,155,997,974,11,,254.2
Artemi Panarin,29,LW,NYR,16.41,3.39,0,16.41,3.39,0,19.81,20,44,64,18,16,14,19,1,2,50,41,152,946,959,12,,248
Patrick Kane,32,RW,CHI,17.09,3.49,0,17.09,3.49,0,20.57,22,38,60,18,17,14,28,2,4,29,31,198,1003,1000,10,,247.2
Brad Marchand,32,LW,BOS,13.92,3.43,1.57,13.92,3.43,1.57,18.93,22,40,62,21,36,16,65,25,33,53,37,146,908,920,16,,243.6
Alex Ovechkin,35,LW,WSH,15.46,4.1,0,15.46,4.1,0,19.56,32,21,53,15,134,22,23,1,2,41,23,216,991,1004,9,,243
Mika Zibanejad,27,C,NYR,15.24,3.46,2.59,15.24,3.46,2.59,21.29,25,29,54,21,66,48,18,570,574,49,44,177,968,946,14,,241.6
Sidney Crosby,33,C,PIT,15.84,3.35,0,15.84,3.35,0,19.19,21,39,60,20,40,22,24,599,492,39,33,150,897,875,22,,239.8
John Tavares,30,C,TOR,16.04,2.87,0,16.04,2.87,0,18.92,26,29,55,17,26,27,22,526,439,48,30,173,904,882,19,,236.4
Mark Scheifele,27,C,WPG,17.51,3.38,1.24,17.51,3.38,1.24,22.13,23,34,57,17,35,39,31,520,555,37,48,130,856,834,25,,235.6
Jake Guentzel,26,"LW,RW",PIT,16.81,3.05,0,16.81,3.05,0,19.86,25,30,55,13,77,29,22,34,33,19,29,169,896,909,18,,235.4
Patrice Bergeron,35,C,BOS,13,3.37,1.68,13,3.37,1.68,18.04,25,28,53,19,38,41,25,608,475,24,38,170,904,882,19,,234.4
Sebastian Aho,23,"C,LW",CAR,15.22,3.03,1.7,15.22,3.03,1.7,19.95,25,31,56,17,44,17,22,292,355,46,52,166,863,876,21,,233
Taylor Hall,29,LW,ARI,15.37,3.42,0,15.37,3.42,0,18.79,19,35,54,19,39,31,26,32,37,49,41,186,903,915,17,,230.6
Aleksander Barkov,25,C,FLA,15.71,3.5,1.45,15.71,3.5,1.45,20.66,19,36,55,18,18,34,15,581,491,47,48,155,849,826,27,,228.6
Steven Stamkos,30,"C,LW,RW",TB,14.23,3.26,0,14.23,3.26,0,17.48,22,33,55,18,53,29,28,307,252,34,20,146,820,832,26,,227.8
Kyle Connor,24,LW,WPG,16.46,3.48,1.09,16.46,3.48,1.09,21.03,27,25,52,16,15,17,21,3,7,30,34,179,830,843,24,,225.6
Mikko Rantanen,24,RW,COL,15.79,3.65,0,15.79,3.65,0,19.44,20,35,55,20,33,29,26,50,40,22,41,142,800,797,30,,225
Patrik Laine,22,"LW,RW",WPG,16.15,3.54,0,16.15,3.54,0,19.69,25,25,50,19,69,31,23,10,16,46,30,185,850,862,23,,224.4
John Carlson,31,D,WSH,18.67,3.74,1.8,18.67,3.74,1.8,24.21,9,40,49,21,38,94,22,0,0,44,35,149,891,947,13,,223.4
Jonathan Huberdeau,27,LW,FLA,15.01,3.51,0,15.01,3.51,0,18.52,18,38,56,20,35,24,23,15,22,54,32,136,775,788,32,,222.8
Brayden Point,24,C,TB,15.67,3.35,0,15.67,3.35,0,19.02,24,29,53,14,19,27,14,338,326,17,26,135,753,730,45,,220.8
Vladimir Tarasenko,29,RW,STL,15.23,3.03,0,15.23,3.03,0,18.25,23,27,50,15,61,25,11,2,3,22,23,188,827,824,28,,220.6
Elias Pettersson,22,C,VAN,14.85,3.92,0,14.85,3.92,0,18.77,20,33,53,18,47,37,14,105,138,33,31,132,763,741,42,,220.2
Matthew Tkachuk,23,"LW,RW",CGY,15.47,3.16,0,15.47,3.16,0,18.63,23,30,53,18,88,15,41,3,5,50,31,159,769,782,34,,219.8
Blake Wheeler,34,"C,RW",WPG,15.1,3.22,1.16,15.1,3.22,1.16,19.48,14,39,53,20,70,42,30,165,184,35,26,148,797,795,31,,219.4
Mark Stone,28,RW,VGK,14.99,2.48,1.74,14.99,2.48,1.74,19.21,18,34,52,14,48,43,20,17,25,39,56,138,773,770,37,,218.8
Mathew Barzal,23,C,NYI,16.95,2.85,0,16.95,2.85,0,19.8,16,37,53,13,18,34,30,203,264,63,49,140,755,733,44,,216.6
Roman Josi,30,D,NSH,19.94,3.17,2.2,19.94,3.17,2.2,25.3,12,32,44,15,45,88,32,0,0,45,31,183,878,934,15,,215.8
Ryan Nugent-Hopkins,27,"C,LW",EDM,14.79,3.66,1.79,14.79,3.66,1.79,20.25,19,32,51,21,35,34,24,230,236,35,43,150,758,770,37,,215.6
Johnny Gaudreau,27,"LW,RW",CGY,15.85,3.03,0,15.85,3.03,0,18.87,17,37,54,16,10,11,14,1,3,57,32,161,752,765,39,,215.6
Dylan Larkin,24,C,DET,17.3,3.22,1.04,17.3,3.22,1.04,21.56,18,30,48,11,46,31,50,571,510,62,38,188,787,765,39,,212
Tyler Seguin,29,"C,RW",DAL,15.69,2.59,0.91,15.69,2.59,0.91,19.2,21,26,47,15,62,26,20,446,341,36,27,189,766,763,41,,210.2
Filip Forsberg,26,LW,NSH,14.06,2.98,1.14,14.06,2.98,1.14,18.18,21,26,47,14,75,29,25,2,4,48,48,170,725,738,43,,207.6
Brady Tkachuk,21,LW,OTT,16.04,3.07,0,16.04,3.07,0,19.12,24,19,43,10,218,32,83,104,117,34,25,205,768,780,35,,206.8
Gabriel Landeskog,28,"C,LW",COL,15.98,3.7,0,15.98,3.7,0,19.67,22,24,46,14,93,37,42,238,200,26,38,153,693,706,47,,205.4
Teuvo Teravainen,26,"LW,RW",CAR,14.32,3.01,1.6,14.32,3.01,1.6,18.94,14,38,52,19,17,20,8,18,21,34,37,137,667,680,52,,205.4
Andrei Svechnikov,20,"LW,RW",CAR,14.19,3.06,0,14.19,3.06,0,17.25,21,27,48,14,96,22,51,3,3,51,25,157,683,696,49,,205.2
Brent Burns,35,D,SJ,19.55,2.67,2.31,19.55,2.67,2.31,24.53,9,33,42,14,57,83,26,0,0,47,38,168,766,822,29,,201.8
Nicklas Backstrom,33,C,WSH,14.68,3.56,0.98,14.68,3.56,0.98,19.22,12,38,50,17,26,34,17,464,466,38,33,122,630,608,66,,200
Brock Boeser,23,RW,VAN,14.81,3.99,0,14.81,3.99,0,18.8,21,25,46,16,22,16,16,16,25,25,21,166,647,644,59,,198.6
Bryan Rust,28,"LW,RW",PIT,14.92,2.32,1.8,14.92,2.32,1.8,19.03,20,25,45,13,78,39,36,4,11,33,27,139,634,647,58,,198.4
Kris Letang,33,D,PIT,19.65,3.25,2.18,19.65,3.25,2.18,25.09,10,31,41,16,89,84,39,0,0,50,33,159,731,787,33,,198.4
Sean Monahan,26,C,CGY,15.27,3.04,0,15.27,3.04,0,18.31,22,25,47,14,39,16,20,434,393,31,40,143,608,586,71,,198
Sean Couturier,28,C,PHI,15.12,2.82,2.18,15.12,2.82,2.18,20.11,20,26,46,10,44,27,27,428,313,29,31,146,629,606,68,,198
Alex DeBrincat,23,"LW,RW",CHI,14.28,3.57,0,14.28,3.57,0,17.84,22,23,45,16,39,17,9,11,14,30,31,167,639,651,56,,197.2
Dougie Hamilton,27,D,CAR,17.7,2.88,2.39,17.7,2.88,2.39,22.97,13,27,40,13,71,71,42,0,0,44,33,176,724,779,36,,196.6
Claude Giroux,33,"C,LW,RW",PHI,14.72,3.07,1.11,14.72,3.07,1.11,18.9,15,34,49,17,26,14,20,474,343,29,28,143,608,621,64,,196.2
Anthony Mantha,26,"LW,RW",DET,15.73,2.97,0,15.73,2.97,0,18.7,20,24,44,11,61,27,47,19,27,46,28,164,639,651,56,,195.6
Bo Horvat,25,C,VAN,15.77,3.66,0,15.77,3.66,0,19.42,19,24,43,13,39,43,17,613,486,22,20,148,630,608,66,,194.8
J.T. Miller,27,"LW,RW",VAN,14.8,3.55,0,14.8,3.55,0,18.36,17,31,48,18,93,23,34,287,223,38,35,123,576,589,70,,194.8
Jonathan Toews,32,C,CHI,14.4,3.19,1.92,14.4,3.19,1.92,19.51,17,29,46,11,35,25,35,635,493,31,45,143,599,577,74,,193.6
Max Pacioretty,32,LW,VGK,14.9,2.35,0,14.9,2.35,0,17.25,20,22,42,11,84,23,32,29,28,37,24,187,648,661,54,,192.6
Travis Konecny,23,"C,RW",PHI,14.01,2.82,0,14.01,2.82,0,16.84,18,27,45,14,55,29,30,15,17,37,25,135,577,575,75,,191.6
Anze Kopitar,33,C,LA,16.04,2.72,1.82,16.04,2.72,1.82,20.58,15,31,46,15,35,42,15,592,499,41,31,108,557,535,81,,191.4
Tomas Hertl,27,"C,LW",SJ,14.31,2.64,1.58,14.31,2.64,1.58,18.52,21,22,43,9,40,37,22,473,412,26,35,132,574,586,71,,191.2
Erik Karlsson,30,D,SJ,18.83,2.95,2.44,18.83,2.95,2.44,24.22,5,38,43,16,34,75,19,0,0,43,35,136,651,707,46,,191.2
Victor Hedman,30,D,TB,18.19,3.07,2.3,18.19,3.07,2.3,23.56,9,32,41,16,65,79,31,0,0,40,33,137,648,704,48,,191
Elias Lindholm,26,"C,RW",CGY,14.65,2.95,2.26,14.65,2.95,2.26,19.86,18,27,45,14,70,30,17,322,306,28,31,128,562,559,79,,190.6
Evander Kane,29,LW,SJ,15.25,2.45,1.28,15.25,2.45,1.28,18.98,22,19,41,12,118,21,92,83,86,38,37,183,619,632,62,,190
Logan Couture,31,C,SJ,13.75,2.7,1.68,13.75,2.7,1.68,18.13,17,26,43,12,46,45,18,176,226,27,35,127,571,549,80,,189.4
Ryan O'Reilly,29,C,STL,15.4,2.9,2.15,15.4,2.9,2.15,20.44,14,32,46,15,18,29,8,678,529,20,52,120,538,515,84,,187.6
Brendan Gallagher,28,RW,MON,14.49,2.04,0,14.49,2.04,0,16.52,23,15,38,4,59,26,26,21,24,17,35,194,614,611,65,,186.2
Evgeny Kuznetsov,28,C,WSH,14.39,3.32,0,14.39,3.32,0,17.7,15,32,47,15,30,14,35,294,381,43,23,121,509,487,94,,185.8
William Nylander,24,"C,LW,RW",TOR,15.13,2.83,0,15.13,2.83,0,17.97,17,27,44,12,13,13,11,149,130,34,36,157,554,567,78,,185.6
Morgan Rielly,26,D,TOR,19.76,2.38,1.85,19.76,2.38,1.85,23.98,7,32,39,13,42,76,25,0,0,42,35,148,619,675,53,,184
Timo Meier,24,"LW,RW",SJ,14.6,2.11,0.97,14.6,2.11,0.97,17.68,21,18,39,6,104,31,39,21,27,28,35,167,569,582,73,,183.8
Jonathan Marchessault,30,"C,LW",VGK,14.78,2.19,0,14.78,2.19,0,16.98,18,24,42,11,75,13,25,82,101,41,33,172,561,574,76,,183.6
Alex Pietrangelo,31,D,STL,18.96,3.03,1.89,18.96,3.03,1.89,23.88,10,26,36,14,38,87,18,0,0,39,33,153,628,684,50,,183.4
Pierre-Luc Dubois,22,C,CBJ,15.54,2.79,0,15.54,2.79,0,18.32,17,24,41,9,77,38,45,304,379,35,24,132,520,498,88,,181.6
Mike Hoffman,31,"LW,RW",FLA,12.98,3.46,0,12.98,3.46,0,16.44,18,24,42,18,23,17,21,7,8,45,27,151,519,531,83,,181
Mark Giordano,37,D,CGY,18.04,2.66,2.63,18.04,2.66,2.63,23.33,7,26,33,10,43,118,37,0,0,39,34,137,627,683,51,,180.6
Ryan Ellis,30,D,NSH,18.76,2.13,2.49,18.76,2.13,2.49,23.38,8,27,35,6,48,106,16,0,0,40,38,121,583,639,60,,179.6
David Perron,32,"LW,RW",STL,14.91,2.81,0,14.91,2.81,0,17.72,16,29,45,16,61,14,46,20,23,25,34,114,456,469,101,,179.4
Cale Makar,22,D,COL,17.56,3.68,0,17.56,3.68,0,21.24,10,31,41,17,46,48,13,0,0,42,27,128,514,570,77,,177.8
Thomas Chabot,24,D,OTT,21.98,3.23,0,21.98,3.23,0,25.21,7,30,37,13,60,74,27,0,0,45,32,149,575,631,63,,177.4
Kyle Palmieri,29,RW,NJ,13.6,3.18,0,13.6,3.18,0,16.77,20,19,39,18,67,31,29,13,31,23,25,139,488,486,95,,177.2
Nico Hischier,22,C,NJ,14.75,2.98,1.1,14.75,2.98,1.1,18.82,16,24,40,11,47,34,19,445,441,29,41,135,490,467,102,,176.6
Ryan Getzlaf,35,C,ANA,15.25,2.44,0.9,15.25,2.44,0.9,18.6,10,31,41,8,98,55,41,414,398,52,44,108,485,463,103,,176.6
Chris Kreider,29,LW,NYR,13.71,3.24,0,13.71,3.24,0,16.95,20,18,38,12,105,33,38,38,56,46,19,139,476,489,92,,175
Alexander Radulov,34,"LW,RW",DAL,14.18,2.52,0,14.18,2.52,0,16.7,16,23,39,12,44,44,44,4,7,41,25,122,472,484,98,,175
Seth Jones,26,D,CBJ,20.31,2.45,2.54,20.31,2.45,2.54,25.3,7,25,32,9,66,110,21,0,0,42,34,138,581,637,61,,174.6
Jamie Benn,31,"C,LW",DAL,13.63,2.32,0,13.63,2.32,0,15.95,18,20,38,10,112,43,32,182,147,43,36,125,466,479,100,,174.2
Sam Reinhart,25,"C,RW",BUF,16.78,3.46,0,16.78,3.46,0,20.24,17,23,40,10,28,26,12,37,60,28,20,134,462,459,104,,174.2
Nikolaj Ehlers,24,"LW,RW",WPG,15.1,1.43,0,15.1,1.43,0,16.54,18,21,39,5,26,20,22,2,2,29,25,156,485,498,88,,174.2
William Karlsson,28,C,VGK,14.76,1.98,1.86,14.76,1.98,1.86,18.61,17,23,40,9,33,33,13,387,388,31,48,119,447,425,121,,174
Jakub Voracek,31,RW,PHI,13.92,2.95,0,13.92,2.95,0,16.88,11,33,44,15,14,17,24,6,11,32,21,118,436,433,111,,173.4
Anders Lee,30,LW,NYI,15.4,2.27,0,15.4,2.27,0,17.67,21,15,36,8,77,37,40,55,69,29,18,145,473,486,95,,172.8
Brayden Schenn,29,"C,LW,RW",STL,15.19,2.76,0,15.19,2.76,0,17.94,16,26,42,13,93,19,34,290,298,29,26,115,419,432,115,,172.6
Oliver Bjorkstrand,25,"LW,RW",CBJ,14.81,2.31,0,14.81,2.31,0,17.11,19,18,37,6,46,24,12,5,11,25,31,160,476,489,92,,171.6
Torey Krug,29,D,BOS,16.41,3.63,0,16.41,3.63,0,20.04,6,34,40,22,41,47,30,0,0,39,24,130,478,534,82,,170.8
Nazem Kadri,30,C,COL,13.22,3.42,0,13.22,3.42,0,16.63,20,19,39,15,63,12,76,393,309,33,25,144,432,410,128,,170.6
T.J. Oshie,34,RW,WSH,14.16,3.41,0,14.16,3.41,0,17.58,18,20,38,10,80,44,26,84,90,33,34,104,412,410,128,,170.4
Oscar Klefbom,27,D,EDM,19.1,3.47,2.47,19.1,3.47,2.47,25.04,4,24,28,14,41,130,19,0,0,43,35,151,598,654,55,,170.2
Quinn Hughes,21,D,VAN,18.43,3.73,0,18.43,3.73,0,22.16,5,36,41,20,19,46,19,0,0,43,29,118,457,513,85,,170
Phil Kessel,33,RW,ARI,13.72,3.08,0,13.72,3.08,0,16.8,15,26,41,16,10,14,19,2,5,38,16,131,420,417,124,,169.8
Evgenii Dadonov,31,"LW,RW",FLA,13.58,3.26,0,13.58,3.26,0,16.85,18,21,39,12,20,21,8,1,1,32,25,131,421,433,111,,169.6
Brock Nelson,29,"C,LW",NYI,14.87,2.03,1.39,14.87,2.03,1.39,18.3,17,20,37,6,38,40,29,439,432,37,25,126,434,446,109,,169.2
Victor Olofsson,25,"LW,RW",BUF,15,3.36,0,15,3.36,0,18.36,17,23,40,16,13,17,7,2,2,28,12,127,410,423,122,,169.2
Reilly Smith,29,RW,VGK,13.89,1.94,1.85,13.89,1.94,1.85,17.68,17,22,39,7,37,23,16,2,6,35,46,130,421,418,123,,169.2
Shea Weber,35,D,MON,18.22,2.03,2.92,18.22,2.03,2.92,23.16,10,20,30,6,112,102,28,0,0,46,30,142,537,593,69,,169.2
Zach Hyman,28,"C,LW",TOR,15.67,1.05,2.06,15.67,1.05,2.06,18.78,20,18,38,5,67,29,28,76,95,20,29,117,402,415,126,,169
Cam Atkinson,31,RW,CBJ,13.9,2.22,1.53,13.9,2.22,1.53,17.65,19,16,35,8,21,24,10,28,38,24,32,177,484,481,99,,169
Matt Duchene,30,"C,RW",NSH,14.15,2.6,0,14.15,2.6,0,16.75,16,24,40,10,30,22,17,376,294,32,28,115,391,388,132,,167.8
Jaden Schwartz,28,LW,STL,14.98,2.74,0,14.98,2.74,0,17.72,16,23,39,9,45,21,15,12,14,21,39,132,414,427,119,,167.8
Rickard Rakell,27,"C,LW,RW",ANA,15.01,2.37,0,15.01,2.37,0,17.38,17,20,37,9,70,24,9,22,20,40,23,150,440,453,105,,167.6
Max Domi,25,"C,LW",CBJ,14.79,2.41,0,14.79,2.41,0,17.2,14,26,40,8,28,16,39,263,302,47,32,135,414,427,119,,167.4
Zach Parise,36,LW,MIN,13.29,2.67,0.96,13.29,2.67,0.96,16.93,20,15,35,10,26,38,12,22,23,19,16,133,420,433,111,,166.8
Mikael Granlund,28,"LW,RW",NSH,14.47,2.44,1.26,14.47,2.44,1.26,18.16,14,23,37,11,34,42,20,72,76,28,24,123,419,432,115,,166.4
Joe Pavelski,36,"C,RW",DAL,13.43,2.57,0.83,13.43,2.57,0.83,16.84,17,19,36,12,50,42,25,300,262,27,30,112,383,381,136,,164.2
Tyler Bertuzzi,25,"LW,RW",DET,15.84,2.98,0,15.84,2.98,0,18.83,16,21,37,7,61,32,33,5,5,37,19,117,375,388,132,,163.2
Patric Hornqvist,34,RW,PIT,12.35,2.91,0,12.35,2.91,0,15.26,20,12,32,10,110,39,33,5,5,11,15,157,431,428,118,,163
Jordan Eberle,30,"C,RW",NYI,14.56,2.54,0,14.56,2.54,0,17.1,15,22,37,10,30,30,13,4,8,32,30,125,385,382,135,,163
Viktor Arvidsson,27,"LW,RW",NSH,13.32,2.56,1.36,13.32,2.56,1.36,17.24,19,15,34,6,21,26,28,8,10,26,22,152,404,417,124,,161.8
Dylan Strome,23,"C,RW",CHI,13.51,2.88,0,13.51,2.88,0,16.39,14,24,38,9,18,31,16,280,317,23,31,106,352,349,151,,161.6
Tomas Tatar,30,"LW,RW",MON,13.84,2.08,0,13.84,2.08,0,15.92,15,23,38,7,56,19,29,6,14,26,28,125,364,377,138,,161.6
Zach Werenski,23,D,CBJ,19.62,2.7,1.96,19.62,2.7,1.96,24.28,11,21,32,11,38,60,12,0,0,39,31,152,453,509,86,,161.4
Anthony Cirelli,23,C,TB,14.46,1.09,2.9,14.46,1.09,2.9,18.46,15,22,37,5,70,36,28,382,406,18,41,104,350,328,160,,161.2
Tom Wilson,26,RW,WSH,14.33,1.76,2.15,14.33,1.76,2.15,18.24,17,17,34,6,203,45,86,19,29,35,26,121,380,377,138,,161.2
Ryan Strome,27,"C,RW",NYR,14.14,2.57,2.01,14.14,2.57,2.01,18.72,14,24,38,10,38,23,44,338,386,45,27,117,352,349,151,,160.6
Tyson Barrie,29,D,EDM,18.72,2.89,0,18.72,2.89,0,21.61,6,28,34,12,35,62,16,0,0,35,27,139,441,497,90,,160.6
Rasmus Dahlin,20,D,BUF,16.96,3.38,0,16.96,3.38,0,20.34,5,33,38,18,71,50,32,0,0,35,25,107,383,439,110,,160.4
Dominik Kubalik,25,"LW,RW",CHI,12.35,2,0,12.35,2,0,14.35,21,15,36,7,65,14,14,6,11,21,18,126,337,350,150,,159.8
Eric Staal,36,C,MIN,13.94,2.59,0,13.94,2.59,0,16.53,17,20,37,10,21,20,26,395,385,31,24,117,336,313,167,,159.4
Clayton Keller,22,"LW,RW",ARI,14.07,3.1,0,14.07,3.1,0,17.17,14,23,37,13,13,13,21,14,20,28,28,146,375,388,132,,159.4
Vincent Trocheck,27,C,CAR,14.41,2,1.82,14.41,2,1.82,18.23,12,22,34,8,94,38,41,448,403,53,47,143,391,369,145,,157.8
Jake DeBrusk,24,"LW,RW",BOS,13.55,2.67,0,13.55,2.67,0,16.22,18,17,35,10,38,16,14,9,17,20,26,140,349,362,148,,157.4
Kevin Fiala,24,"LW,RW",MIN,13.1,2.44,0,13.1,2.44,0,15.54,15,21,36,10,21,16,35,2,5,39,28,140,355,368,147,,157.4
Phillip Danault,27,C,MON,14.68,1.39,2.65,14.68,1.39,2.65,18.72,11,26,37,2,83,35,31,538,466,35,33,105,331,308,170,,157
John Klingberg,28,D,DAL,19.38,2.57,0,19.38,2.57,0,21.95,5,29,34,14,29,65,20,0,0,42,28,120,396,452,106,,157
Shea Theodore,25,D,VGK,18.84,3.04,0,18.84,3.04,0,21.88,8,23,31,11,24,59,16,0,0,38,31,157,430,486,95,,156
Jakub Vrana,24,LW,WSH,13.03,1.89,0,13.03,1.89,0,14.92,17,18,35,7,25,15,17,6,5,34,25,138,336,348,153,,155.6
Ryan Pulock,26,D,NYI,19.06,1.74,1.66,19.06,1.74,1.66,22.47,7,19,26,7,99,108,14,0,0,42,29,130,435,491,91,,154.2
Alexander Edler,34,D,VAN,17.86,1.41,2.86,17.86,1.41,2.86,22.12,4,20,24,6,110,141,58,0,0,39,28,108,444,500,87,,154
Jeff Skinner,28,"C,LW",BUF,14.1,2.49,0,14.1,2.49,0,16.58,19,13,32,7,23,13,20,43,57,28,35,168,361,374,141,,153.8
Pavel Buchnevich,25,RW,NYR,14.41,2.21,0,14.41,2.21,0,16.63,14,22,36,9,57,21,21,6,18,45,30,117,306,303,172,,153.8
James van Riemsdyk,31,LW,PHI,12.23,2.49,0,12.23,2.49,0,14.72,20,14,34,9,22,14,10,5,9,15,16,130,304,317,165,,153.6
Justin Williams,39,RW,CAR,11.42,2.4,0,11.42,2.4,0,13.82,17,16,33,10,48,20,28,22,33,38,17,138,315,312,168,,151.6
David Krejci,34,C,BOS,14.84,1.79,0,14.84,1.79,0,16.62,11,27,38,9,28,25,17,350,344,30,28,82,251,228,206,,151.4
Miro Heiskanen,21,D,DAL,19.92,2.23,2.09,19.92,2.23,2.09,24.24,8,22,30,7,32,66,12,0,0,45,33,135,377,433,111,,151.4
Kevin Hayes,28,C,PHI,13.91,1.64,2.03,13.91,1.64,2.03,17.58,16,18,34,7,55,18,22,350,349,35,38,130,301,279,182,,151.2
Dustin Brown,36,RW,LA,15.09,2.33,1.75,15.09,2.33,1.75,19.17,16,17,33,6,124,18,26,5,12,35,24,144,320,317,165,,151
Ivan Provorov,24,D,PHI,19.46,2.78,2.96,19.46,2.78,2.96,25.19,8,18,26,7,79,98,19,0,0,44,31,127,395,451,107,,150.6
Jakob Silfverberg,30,RW,ANA,13.33,2.2,1.71,13.33,2.2,1.71,17.24,15,17,32,7,26,35,14,9,26,26,30,127,312,309,169,,150.4
Tony DeAngelo,25,D,NYR,16.44,2.77,0,16.44,2.77,0,19.21,5,27,32,16,46,61,37,0,0,37,25,122,348,404,131,,149.8
Neal Pionk,25,D,WPG,19.19,2.62,1.56,19.19,2.62,1.56,23.37,5,26,31,16,119,68,29,0,0,45,32,123,357,413,127,,149.8
Anthony Duclair,25,"LW,RW",OTT,12.6,2.47,1.04,12.6,2.47,1.04,16.11,17,14,31,7,45,31,16,3,5,32,19,136,311,324,162,,149.6
Jason Zucker,29,"LW,RW",PIT,13.79,2.11,0,13.79,2.11,0,15.9,17,16,33,8,49,23,23,7,20,23,29,121,280,293,175,,149.4
Ondrej Kase,25,RW,BOS,13.94,1.86,0,13.94,1.86,0,15.8,15,17,32,5,18,19,12,8,24,32,34,152,321,318,164,,149
Kevin Labanc,25,"LW,RW",SJ,13.3,2.45,0,13.3,2.45,0,15.76,12,23,35,12,35,17,29,3,9,29,23,125,285,297,173,,148.8
Filip Zadina,21,"LW,RW",DET,13.1,2.78,0,13.1,2.78,0,15.88,16,17,33,14,22,21,6,4,1,37,25,125,279,292,177,,148.4
Jacob Trouba,26,D,NYR,18.38,1.79,2.65,18.38,1.79,2.65,22.81,5,20,25,7,114,107,46,0,0,41,33,127,395,451,107,,148.2
Matt Dumba,26,D,MIN,18.81,2.67,1.51,18.81,2.67,1.51,22.98,10,17,27,11,87,74,36,0,0,39,31,134,354,410,128,,147.4
Adam Fox,22,D,NYR,17.1,2.03,0,17.1,2.03,0,19.13,6,24,30,11,29,74,24,0,0,36,27,106,318,374,141,,146.8
Tyler Toffoli,28,"LW,RW",MON,13.5,2.09,1.08,13.5,2.09,1.08,16.67,16,15,31,6,37,13,17,6,10,26,27,161,309,321,163,,146.4
Drew Doughty,31,D,LA,20.16,3,2.21,20.16,3,2.21,25.37,5,25,30,13,92,73,31,0,0,48,30,109,318,374,141,,146
Ryan Johansen,28,C,NSH,13.5,2.8,1.11,13.5,2.8,1.11,17.41,10,26,36,10,43,24,36,463,404,27,29,91,228,206,222,,145.8
Ryan Suter,36,D,MIN,19.15,2.78,2.35,19.15,2.78,2.35,24.29,4,27,31,11,43,73,15,0,0,37,29,97,300,356,149,,145.6
Darnell Nurse,25,D,EDM,20.14,1.19,2.16,20.14,1.19,2.16,23.49,5,19,24,4,129,105,45,0,0,42,31,130,376,432,115,,145
Nick Suzuki,21,"C,RW",MON,14,2.4,0,14,2.4,0,16.39,12,21,33,10,51,26,6,248,285,29,24,115,252,249,195,,144.4
Josh Bailey,31,"LW,RW",NYI,13.55,1.82,1.42,13.55,1.82,1.42,16.79,10,25,35,8,14,33,13,83,91,44,31,81,215,227,209,,144.4
Andreas Athanasiou,26,"C,LW,RW",EDM,13.96,2.13,0,13.96,2.13,0,16.09,15,16,31,6,29,22,30,69,93,32,19,138,275,287,180,,144.4
Keith Yandle,34,D,FLA,15.93,3.45,0,15.93,3.45,0,19.38,3,31,34,18,20,45,18,0,0,35,26,107,278,334,155,,144.4
Paul Stastny,35,C,VGK,13.54,2.14,1.05,13.54,2.14,1.05,16.73,13,21,34,6,41,22,20,472,393,16,31,102,226,203,224,,144.2
Jared Spurgeon,31,D,MIN,17.55,2.32,2.5,17.55,2.32,2.5,22.36,8,18,26,8,56,94,14,0,0,35,29,103,315,371,144,,144.2
Gustav Nyquist,31,"LW,RW",CBJ,14.57,2.34,0,14.57,2.34,0,16.91,13,20,33,7,29,19,12,9,10,35,22,122,250,262,184,,144
Adam Henrique,30,"C,LW",ANA,13.48,2.22,1.28,13.48,2.22,1.28,16.99,16,14,30,7,51,36,14,391,338,22,24,113,243,256,190,,143
Mats Zuccarello,33,RW,MIN,13.37,2.45,1.42,13.37,2.45,1.42,17.25,11,21,32,8,25,38,20,9,15,25,38,100,231,228,206,,142.2
Jake Muzzin,31,D,TOR,18.4,1.09,2.36,18.4,1.09,2.36,21.86,5,20,25,4,122,103,37,0,0,41,30,105,320,376,140,,142.2
Jaccob Slavin,26,D,CAR,19.32,0.99,2.96,19.32,0.99,2.96,23.28,5,21,26,3,38,92,10,0,0,41,36,110,313,369,145,,141.8
Nikita Gusev,28,"LW,RW",NJ,11.94,2.45,0,11.94,2.45,0,14.39,11,23,34,12,11,8,11,1,2,35,18,126,230,243,196,,141.4
Jean-Gabriel Pageau,28,C,NYI,14.93,1.58,2.21,14.93,1.58,2.21,18.72,13,15,28,5,102,49,38,471,407,29,25,123,266,243,196,,141.2
Brandon Saad,28,"LW,RW",CHI,13.69,1.18,1.83,13.69,1.18,1.83,16.71,16,14,30,1,30,18,14,26,35,21,33,138,245,258,187,,140.8
Charlie McAvoy,23,D,BOS,20.08,1.34,1.85,20.08,1.34,1.85,23.27,5,21,26,2,113,100,41,0,0,44,31,89,285,341,154,,140.8
Jakob Chychrun,22,D,ARI,19.02,2.3,1.68,19.02,2.3,1.68,22.99,8,16,24,7,79,88,33,0,0,41,30,128,322,378,137,,140.8
Andreas Johnsson,26,"LW,RW",TOR,13.22,1.98,0,13.22,1.98,0,15.2,13,19,32,7,51,27,21,2,5,22,16,104,211,223,210,,140.6
Andre Burakovsky,25,"LW,RW",COL,12.48,2.21,0,12.48,2.21,0,14.69,13,19,32,8,28,29,23,9,12,31,24,98,202,214,217,,140.2
Ilya Mikheyev,26,"LW,RW",TOR,13.53,0,1.98,13.53,0,1.98,15.52,12,19,31,0,38,19,7,5,2,19,34,136,244,257,189,,139.8
Mikhail Sergachev,22,D,TB,17.58,1.73,1.29,17.58,1.73,1.29,20.61,6,21,27,8,88,79,40,0,0,38,28,105,276,332,156,,139.6
Ondrej Palat,29,LW,TB,13.58,1.31,1.04,13.58,1.31,1.04,15.93,11,19,30,5,103,46,16,5,15,32,30,100,222,234,204,,139.4
Boone Jenner,27,vanr,CBJ,14.36,1.7,1.79,14.36,1.7,1.79,17.85,12,13,25,2,111,60,35,439,373,20,23,141,292,305,171,,139.2
Oskar Lindblom,24,LW,PHI,13.68,2.08,1.03,13.68,2.08,1.03,16.79,16,12,28,5,58,32,11,15,23,21,24,131,239,251,193,,139
Conor Garland,24,"LW,RW",ARI,11.94,2.26,0,11.94,2.26,0,14.2,17,12,29,8,27,18,15,8,7,19,27,138,230,243,196,,138.8
Nick Schmaltz,24,"C,LW,RW",ARI,13.55,2.54,0,13.55,2.54,0,16.08,10,24,34,9,11,24,16,146,205,24,39,84,170,183,230,,138.4
Ilya Kovalchuk,37,"LW,RW",WSH,13.99,2.48,0,13.99,2.48,0,16.46,13,17,30,6,48,25,17,10,19,32,14,126,224,237,200,,138.2
Jeff Carter,36,"C,LW,RW",LA,13.48,1.83,1.27,13.48,1.83,1.27,16.58,16,12,28,7,58,21,29,374,346,20,13,147,242,254,192,,137.8
Aaron Ekblad,24,D,FLA,19.63,1.51,2.24,19.63,1.51,2.24,23.38,7,19,26,5,42,70,30,0,0,44,32,122,274,330,157,,137.4
Jeff Petry,33,D,MON,18.74,2.26,2.06,18.74,2.26,2.06,23.06,7,19,26,7,131,72,20,0,0,44,31,118,270,326,161,,137.4
Erik Haula,29,"C,LW",FLA,12.68,2.3,0,12.68,2.3,0,14.98,16,15,31,11,39,17,27,387,326,30,22,106,174,186,228,,137
Jack Hughes,19,"C,LW",NJ,13.33,3.65,0,13.33,3.65,0,16.98,12,18,30,13,13,20,11,168,295,48,39,134,223,236,201,,136.8
Mikael Backlund,31,"C,RW",CGY,14.52,1.34,1.55,14.52,1.34,1.55,17.41,12,19,31,4,33,15,30,334,341,40,47,128,208,205,223,,136.6
Anthony Beauvillier,23,"C,LW",NYI,14.68,1.92,0,14.68,1.92,0,16.6,16,13,29,6,69,26,12,24,19,34,22,116,195,208,220,,136.6
Alexis Lafrenière,19,"LW,RW",NYR,16,2.5,0,16,2.5,0,18.5,9,20,29,7,84,43,29,80,82,30,27,114,220,233,205,,136
Alex Iafallo,27,LW,LA,14.78,2.23,1.5,14.78,2.23,1.5,18.51,12,17,29,8,42,37,13,8,11,13,15,111,204,216,214,,136
Filip Hronek,23,D,DET,18.29,2.63,2.56,18.29,2.63,2.56,23.48,7,21,28,8,93,56,34,0,0,46,26,113,237,293,175,,136
Tanner Pearson,28,LW,VAN,13.38,1.48,1.12,13.38,1.48,1.12,15.98,14,14,28,4,79,31,22,7,13,25,24,125,210,222,211,,135.4
Duncan Keith,37,D,CHI,19.04,1.86,2.55,19.04,1.86,2.55,23.45,2,22,24,5,28,103,26,0,0,45,32,100,274,330,157,,135.2
Lars Eller,31,C,WSH,12.51,1.54,2.44,12.51,1.54,2.44,16.49,13,15,28,3,46,37,36,398,388,38,36,116,203,180,231,,135
Jesper Bratt,22,"LW,RW",NJ,12.38,2.28,0,12.38,2.28,0,14.66,11,21,32,8,29,20,8,5,7,25,17,100,165,178,233,,135
Christian Dvorak,24,"C,LW",ARI,13.67,2.73,0,13.67,2.73,0,16.4,13,17,30,8,41,26,13,409,337,23,18,107,176,189,226,,134.8
Alex Tuch,24,"LW,RW",VGK,13.1,1.98,0,13.1,1.98,0,15.08,13,15,28,7,74,28,13,22,39,35,37,133,216,228,206,,134.8
Erik Gustafsson,28,D,CGY,17.59,2.72,0,17.59,2.72,0,20.31,6,22,28,10,66,59,21,0,0,34,26,104,219,275,183,,134.4
Alex Killorn,31,"LW,RW",TB,12.52,2.21,2.16,12.52,2.21,2.16,16.89,14,17,31,5,51,15,25,4,11,19,22,106,157,170,236,,134.2
Josh Morrissey,25,D,WPG,19.74,1.73,1.58,19.74,1.73,1.58,23.05,5,21,26,9,52,77,22,0,0,38,30,102,236,292,177,,134.2
Nate Schmidt,29,D,VGK,18.8,1.08,1.59,18.8,1.08,1.59,21.47,5,20,25,5,28,86,11,0,0,37,31,98,239,295,174,,134
Connor Brown,27,"LW,RW",OTT,15.19,1.52,2.51,15.19,1.52,2.51,19.23,12,17,29,4,25,28,18,28,37,27,36,115,182,194,225,,133.2
Jared McCann,24,"C,LW",PIT,13.13,1.48,1.27,13.13,1.48,1.27,15.88,11,17,28,4,63,27,21,213,261,27,27,132,200,213,218,,132.2
Nick Bonino,32,C,NSH,12.23,1.36,2.46,12.23,1.36,2.46,16.05,12,15,27,2,14,58,14,395,363,23,36,79,155,133,255,,132
Blake Coleman,29,"LW,RW",TB,13.31,0.52,2.74,13.31,0.52,2.74,16.57,15,9,24,2,167,38,43,83,113,19,42,149,228,240,199,,132
Jonathan Drouin,25,"C,LW",MON,13.44,2.52,0,13.44,2.52,0,15.97,11,20,31,8,45,13,24,75,78,29,29,113,155,168,237,,131.8
Frank Vatrano,26,,FLA,12.34,1.5,1.28,12.34,1.5,1.28,15.12,14,11,25,3,88,39,29,12,20,16,24,135,208,221,212,,131.6
Sven Baertschi,28,LW,FA,12.25,2.71,0,12.25,2.71,0,14.96,16,13,29,13,28,26,18,2,7,17,21,90,124,137,253,,131.4
Colton Parayko,27,D,STL,19.99,0.81,1.91,19.99,0.81,1.91,22.7,6,14,20,4,81,99,13,0,0,39,32,127,273,329,159,,131
Mattias Ekholm,30,D,NSH,19.06,1.27,2.73,19.06,1.27,2.73,23.05,5,19,24,4,43,79,31,0,0,43,32,110,226,282,181,,130.6
Sami Vatanen,29,D,CAR,16.63,2.8,2.01,16.63,2.8,2.01,21.44,5,18,23,10,64,87,22,0,0,36,26,109,234,290,179,,130.6
Carl Soderberg,35,"C,LW",ARI,12.57,1.93,1.27,12.57,1.93,1.27,15.77,13,14,27,5,58,36,15,233,265,17,24,110,163,176,234,,130.4
Martin Necas,22,"C,RW",CAR,12.72,2.03,0,12.72,2.03,0,14.76,13,18,31,8,58,17,17,13,34,35,21,86,106,103,271,,130
Oliver Ekman-Larsson,29,D,ARI,18.18,2.82,1.9,18.18,2.82,1.9,22.89,7,19,26,8,109,52,32,0,0,38,28,120,202,258,187,,129.8
Roope Hintz,24,"C,LW",DAL,12.45,2.01,0,12.45,2.01,0,14.46,13,15,28,10,72,28,18,179,162,30,23,106,142,155,243,,129.4
Robert Thomas,21,"C,RW",STL,13.34,1.66,0,13.34,1.66,0,15,9,24,33,7,12,13,15,110,138,25,37,80,95,92,275,,129.2
Jordan Staal,32,C,CAR,13.81,1.18,2.21,13.81,1.18,2.21,17.21,11,18,29,2,125,25,26,526,449,31,31,105,139,116,265,,129
Nick Bjugstad,28,"C,RW",PIT,13.44,1.26,0,13.44,1.26,0,14.69,14,13,27,3,86,17,28,161,172,33,32,136,169,166,240,,129
Derek Stepan,30,C,ARI,13.83,1.77,1.99,13.83,1.77,1.99,17.6,9,17,26,5,32,40,13,450,478,24,31,128,189,167,239,,128.6
Kailer Yamamoto,22,RW,EDM,15.93,0,0,15.93,0,0,15.93,12,18,30,0,88,32,15,2,1,21,32,69,91,88,279,,128.6
Matt Niskanen,34,D,PHI,17.01,1.88,2.66,17.01,1.88,2.66,21.54,6,18,24,8,99,76,27,0,0,42,26,101,196,251,193,,128.6
Craig Smith,31,RW,NSH,11.07,2.19,0,11.07,2.19,0,13.26,16,10,26,6,45,18,21,15,17,21,25,136,162,159,242,,128.4
Rasmus Ristolainen,26,D,BUF,18.49,2.35,2.37,18.49,2.35,2.37,23.21,4,20,24,8,165,73,36,0,0,38,28,112,205,261,186,,127.6
Micheal Ferland,28,"LW,RW",VAN,12.15,1.76,0,12.15,1.76,0,13.92,15,13,28,6,134,16,34,17,34,31,26,109,115,128,260,,127.2
James Neal,33,"LW,RW",EDM,12.81,2.74,0,12.81,2.74,0,15.56,15,12,27,11,63,17,15,7,14,28,22,121,132,145,248,,127
Kasperi Kapanen,24,"LW,RW",TOR,13.22,1.23,1.74,13.22,1.23,1.74,16.19,12,17,29,3,73,15,20,2,10,23,29,110,120,133,255,,127
Damon Severson,26,D,NJ,18.39,2.08,2.32,18.39,2.08,2.32,22.79,6,18,24,7,69,71,44,0,0,37,30,102,180,236,201,,126.8
Joel Armia,27,RW,MON,13.34,1.98,1.66,13.34,1.98,1.66,16.97,13,12,25,4,120,25,23,5,11,26,43,142,171,168,237,,126.4
Alex Goligoski,35,D,ARI,18.17,1.74,2.09,18.17,1.74,2.09,22,3,18,21,6,71,109,20,0,0,37,27,84,199,255,191,,126.4
Ryan Graves,25,D,COL,15.1,0,2.9,15.1,0,2.9,18.01,7,10,17,0,93,119,32,0,0,33,24,95,206,262,184,,124.6
Charlie Coyle,28,"C,RW",BOS,13.81,1.79,1.03,13.81,1.79,1.03,16.63,10,16,26,3,61,34,16,234,269,26,33,112,128,125,261,,124
Joonas Donskoi,28,"LW,RW",COL,13.26,2.02,0,13.26,2.02,0,15.28,12,15,27,4,21,28,21,4,8,22,22,98,97,109,267,,123.8
Nick Foligno,33,"C,LW,RW",CBJ,14.78,1.83,1.32,14.78,1.83,1.32,17.93,11,14,25,2,160,40,50,151,144,26,29,106,119,132,257,,123.2
Cam Fowler,29,D,ANA,18.54,2.45,1.88,18.54,2.45,1.88,22.88,5,18,23,6,26,71,19,0,0,39,29,103,159,215,216,,123
P.K. Subban,31,D,NJ,17.77,2.28,1.63,17.77,2.28,1.63,21.68,6,16,22,6,65,66,66,0,0,37,29,123,180,236,201,,123
Drake Batherson,22,"C,RW",OTT,13.41,2.43,0,13.41,2.43,0,15.84,6,23,29,14,103,35,32,9,7,18,15,79,82,79,286,,122.8
Tyler Johnson,30,"C,LW,RW",TB,12.42,1.72,0,12.42,1.72,0,14.13,13,14,27,5,42,20,14,152,149,18,11,101,80,93,274,,122.2
Adrian Kempe,24,"C,LW",LA,12.74,2.34,1.06,12.74,2.34,1.06,16.14,10,18,28,8,61,14,32,136,188,24,18,110,88,101,272,,121.6
Jake Virtanen,24,RW,VAN,12.45,1.05,0,12.45,1.05,0,13.5,13,12,25,5,100,24,36,5,11,24,34,120,107,105,270,,121.6
Chris Tierney,26,C,OTT,13.89,1.04,2.22,13.89,1.04,2.22,17.15,8,20,28,3,27,32,15,390,380,35,29,82,69,46,302,,121.2
Nino Niederreiter,28,"LW,RW",CAR,12.94,1.87,0,12.94,1.87,0,14.81,13,14,27,7,48,16,31,8,8,30,29,104,73,86,281,,121.2
Hampus Lindholm,27,D,ANA,18.63,1.62,2.88,18.63,1.62,2.88,23.13,5,16,21,6,50,80,33,0,0,47,32,104,156,212,219,,120.8
Andrew Shaw,29,"C,RW",CHI,11.99,2.12,0,11.99,2.12,0,14.11,11,16,27,5,131,21,66,115,122,26,21,100,72,69,292,,120.4
Esa Lindell,26,D,DAL,18.7,1.05,3.35,18.7,1.05,3.35,23.1,5,14,19,4,75,102,16,0,0,40,31,87,151,207,221,,120.2
Ben Chiarot,29,D,MON,19.19,0,2.77,19.19,0,2.77,21.96,5,13,18,0,131,106,44,0,0,43,28,92,160,216,214,,119.8
Vinnie Hinostroza,26,"C,RW",ARI,12.47,1.16,0.97,12.47,1.16,0.97,14.6,9,17,26,3,42,24,13,32,39,21,25,115,95,92,275,,119.6
Shayne Gostisbehere,27,D,PHI,15.59,2.71,0,15.59,2.71,0,18.31,6,17,23,10,25,58,23,0,0,29,23,106,124,179,232,,119.4
Filip Chytil,21,"C,RW",NYR,13.92,1.54,0,13.92,1.54,0,15.46,13,11,24,5,17,27,10,146,236,34,29,117,91,88,279,,119.2
Nick Ritchie,25,LW,BOS,12.58,1.66,0,12.58,1.66,0,14.24,11,16,27,6,129,21,62,3,8,25,13,94,55,68,293,,119.2
J.T. Compher,25,"C,RW",COL,12.39,2.27,2.25,12.39,2.27,2.25,16.91,10,13,23,5,30,51,20,266,297,17,18,98,94,91,277,,119
Joe Thornton,41,C,SJ,13.16,1.85,0,13.16,1.85,0,15.01,8,22,30,8,18,19,21,247,246,31,37,65,14,-9,349,,118.6
Ryan McDonagh,31,D,TB,17.12,0.57,3.07,17.12,0.57,3.07,20.76,3,16,19,2,50,111,18,0,0,35,28,70,129,185,229,,118.4
Tyler Ennis,31,"LW,RW",EDM,11.49,1.98,0,11.49,1.98,0,13.47,13,12,25,7,65,19,12,4,5,18,22,110,62,75,288,,117.6
Noah Hanifin,24,D,CGY,18.31,1.27,1.81,18.31,1.27,1.81,21.39,5,17,22,4,64,65,11,0,0,36,30,103,117,173,235,,117.6
John Marino,23,D,PIT,17.77,0.73,2.19,17.77,0.73,2.19,20.7,5,17,22,3,74,80,21,0,0,38,29,73,91,147,247,,117.6
Nolan Patrick,22,C,PHI,13.46,1.76,0,13.46,1.76,0,15.22,12,14,26,4,47,18,27,309,291,24,29,100,46,23,325,,117.2
Colin White,24,"C,RW",OTT,13.7,2.27,0,13.7,2.27,0,15.97,9,17,26,6,35,31,33,220,269,29,20,88,47,44,304,,117
Andrew Mangiapane,24,"LW,RW",CGY,12.72,0.75,0,12.72,0.75,0,13.46,14,11,25,2,61,21,16,10,20,22,29,96,36,48,301,,116.6
Marcus Johansson,30,"C,LW",BUF,13.92,2.37,0,13.92,2.37,0,16.29,9,18,27,6,28,20,19,116,185,29,19,92,37,50,299,,116.4
Danton Heinen,25,"LW,RW",ANA,12.24,2.15,0,12.24,2.15,0,14.39,9,17,26,7,31,27,11,5,6,24,21,93,46,59,295,,116.4
Devon Toews,26,D,NYI,17.82,2.09,0,17.82,2.09,0,19.9,5,18,23,6,40,55,13,0,0,34,29,102,97,153,244,,116.4
Luke Kunin,23,"C,RW",MIN,13.46,0.97,1.52,13.46,0.97,1.52,15.95,10,12,22,1,75,43,50,149,196,15,11,115,92,89,278,,116.2
Connor Murphy,27,D,CHI,18.13,0,2.76,18.13,0,2.76,20.89,4,11,15,0,130,118,24,0,0,41,28,100,163,219,213,,116.2
Adam Boqvist,20,D,CHI,14.67,2.28,0,14.67,2.28,0,16.95,5,18,23,6,48,62,9,0,0,26,21,84,74,130,259,,115.6
Denis Gurianov,23,"LW,RW",DAL,11.07,2.05,0,11.07,2.05,0,13.11,13,12,25,11,60,18,8,2,2,20,17,101,34,46,302,,115.4
Alec Martinez,33,D,VGK,18.04,1.21,1.71,18.04,1.21,1.71,20.96,3,13,16,3,57,121,21,0,0,39,26,79,132,188,227,,115.2
Scott Laughton,26,"C,LW",PHI,12.62,0,1.95,12.62,0,1.95,14.57,11,14,25,0,118,29,29,200,168,25,25,87,27,40,306,,115
Alexander Kerfoot,26,"C,LW,RW",TOR,13.11,1.41,0,13.11,1.41,0,14.52,10,16,26,5,34,30,28,170,182,26,22,75,13,25,323,,115
Kaapo Kakko,19,RW,NYR,12.82,2.61,0,12.82,2.61,0,15.43,9,18,27,13,17,10,14,4,5,19,34,105,36,33,311,,115
Ryan Dzingel,28,"LW,RW",CAR,12.23,2.1,0,12.23,2.1,0,14.33,11,15,26,7,33,20,26,13,22,20,14,89,19,31,317,,114.8
Dominik Kahun,25,"LW,RW",BUF,12.39,1.1,0,12.39,1.1,0,13.49,10,16,26,2,9,21,7,28,31,11,19,90,20,33,311,,114.4
Joel Farabee,20,"LW,RW",PHI,13.04,1.73,0,13.04,1.73,0,14.77,12,13,25,3,34,19,38,5,7,31,23,98,25,37,308,,114.2
Travis Sanheim,24,D,PHI,17.69,0.91,1.97,17.69,0.91,1.97,20.57,5,16,21,3,33,69,26,0,0,40,28,93,85,141,250,,114.2
Andrew Copp,26,"C,LW",WPG,13.59,1.24,2.1,13.59,1.24,2.1,16.93,10,14,24,1,61,30,10,250,225,25,28,98,37,49,300,,113.6
Samuel Girard,22,D,COL,19.01,2.36,0,19.01,2.36,0,21.37,2,20,22,9,40,69,12,0,0,36,29,90,83,139,252,,113.6
Mike Green,35,D,EDM,18.25,2.11,0,18.25,2.11,0,20.36,4,17,21,5,66,68,35,0,0,36,26,96,85,141,250,,113.4
Pavel Zacha,23,"C,LW",NJ,12.72,1.8,2.2,12.72,1.8,2.2,16.72,9,17,26,6,58,18,18,280,340,31,31,93,13,26,321,,112.8
Josh Anderson,26,RW,MON,12.92,1.68,1.31,12.92,1.68,1.31,15.9,12,9,21,2,129,24,39,12,26,20,26,141,82,80,285,,112.8
Zach Sanford,26,"C,LW",STL,12.44,0.73,0,12.44,0.73,0,13.16,12,12,24,2,85,29,28,4,7,14,20,85,7,19,327,,112.6
Erik Johnson,32,D,COL,17.42,0,2.94,17.42,0,2.94,20.36,5,11,16,0,90,102,24,0,0,33,28,93,110,165,241,,112.4
Brady Skjei,26,D,CAR,18.15,0,2.6,18.15,0,2.6,20.75,5,13,18,0,97,83,34,0,0,37,29,100,98,153,244,,112.2
Yanni Gourde,29,"LW,RW",TB,11.77,0.7,1.56,11.77,0.7,1.56,14.03,10,16,26,4,53,18,36,85,77,16,36,83,-10,3,336,,111.8
Brett Connolly,28,"LW,RW",FLA,12.86,1.16,0,12.86,1.16,0,14.02,13,12,25,2,48,16,20,7,11,17,21,86,-14,-2,340,,111.6
Kirby Dach,20,C,CHI,13.24,1.88,0,13.24,1.88,0,15.12,10,14,24,4,29,22,22,68,128,15,36,103,21,-2,340,,111.4
Tyler Myers,30,D,VAN,17.95,1.16,1.83,17.95,1.16,1.83,20.94,4,14,18,4,69,82,40,0,0,36,29,101,92,148,246,,111
Brett Pesce,26,D,CAR,18.3,0,3.04,18.3,0,3.04,21.35,4,14,18,0,32,90,24,0,0,37,31,85,78,134,254,,111
Josh Leivo,27,"LW,RW",VAN,12.79,1.86,0,12.79,1.86,0,14.66,10,14,24,5,22,16,12,19,14,25,24,111,20,33,311,,110.6
Alex Galchenyuk,26,"C,LW",MIN,10.9,1.95,0,10.9,1.95,0,12.85,10,15,25,9,39,18,16,69,73,23,9,90,-10,3,336,,110.2
Calle Jarnkrok,29,"LW,RW",NSH,12.4,1.54,1.64,12.4,1.54,1.64,15.58,10,14,24,4,27,20,13,85,73,13,17,100,5,18,328,,110
Tyler Bozak,34,"C,RW",STL,12.02,1.59,1.34,12.02,1.59,1.34,14.95,9,15,24,4,27,26,12,324,265,18,24,92,1,-2,340,,109.8
Robby Fabbri,25,"LW,RW",DET,13.31,2.6,0,13.31,2.6,0,15.92,11,13,24,7,66,14,16,17,30,29,10,106,4,17,330,,109.8
Wayne Simmonds,32,RW,BUF,12.03,2.52,0,12.03,2.52,0,14.55,12,11,23,7,104,24,52,16,26,18,21,96,-1,-4,343,,109.8
Kevin Shattenkirk,32,D,TB,16.66,1.42,0,16.66,1.42,0,18.07,3,18,21,5,50,62,29,0,0,33,26,95,56,112,266,,109.8
Ryan Murray,27,D,CBJ,17.19,0,2.25,17.19,0,2.25,19.44,3,15,18,0,29,100,10,0,0,33,28,63,50,106,269,,109.6
Mikko Koivu,37,C,MIN,12.24,1.72,1.59,12.24,1.72,1.59,15.55,7,17,24,8,23,32,28,436,387,13,30,83,-11,-33,369,,108.4
Ian Cole,31,D,COL,15.15,0,2.69,15.15,0,2.69,17.84,3,13,16,0,75,108,45,0,0,32,23,71,63,119,263,,108.4
Bryan Little,33,"C,RW",WPG,12.98,1.25,1.14,12.98,1.25,1.14,15.36,9,16,25,3,36,20,18,383,321,14,23,81,-32,-34,371,,108.2
Kyle Turris,31,C,NSH,12.31,2.16,0,12.31,2.16,0,14.46,7,19,26,9,15,17,21,236,242,26,18,79,-38,-60,400,,107.6
Zach Aston-Reese,26,"LW,RW",PIT,12.12,0.65,1.74,12.12,0.65,1.74,14.51,11,10,21,1,171,34,27,7,16,19,21,99,0,13,331,,107.4
Miles Wood,25,LW,NJ,12.32,0.9,0,12.32,0.9,0,13.23,11,10,21,1,79,21,56,1,2,23,14,125,23,36,309,,107.4
Brent Seabrook,35,D,CHI,15.43,1.43,2.13,15.43,1.43,2.13,18.99,4,10,14,5,84,112,19,0,0,35,25,83,76,132,257,,107.4
Bobby Ryan,33,"LW,RW",OTT,10.88,2.36,0,10.88,2.36,0,13.24,10,12,22,4,80,31,49,7,7,31,27,93,-12,1,339,,107
Artturi Lehkonen,25,"LW,RW",MON,12.89,0,2.49,12.89,0,2.49,15.38,10,11,21,0,84,27,20,7,12,17,26,116,16,29,319,,107
Travis Hamonic,30,D,CGY,17.57,0,2.98,17.57,0,2.98,20.54,3,10,13,0,47,119,35,0,0,39,28,87,88,144,249,,107
Radek Faksa,27,C,DAL,12.98,1.28,1.55,12.98,1.28,1.55,15.81,11,10,21,3,69,38,36,361,356,20,27,88,-15,-37,374,,106.8
Dmitry Orlov,29,D,WSH,19.51,1.19,1.08,19.51,1.19,1.08,21.78,3,17,20,2,87,67,27,0,0,38,31,85,28,83,283,,106.8
MacKenzie Weegar,27,D,FLA,17.54,0,1.75,17.54,0,1.75,19.3,5,11,16,0,108,92,44,0,0,36,26,85,51,107,268,,106.8
Jesperi Kotkaniemi,20,C,MON,12,2.07,0,12,2.07,0,14.07,10,12,22,4,72,27,38,227,288,37,23,99,-11,-33,369,,106.6
Patrick Marleau,41,"C,LW,RW",PIT,13.66,1.35,0,13.66,1.35,0,15,12,10,22,3,48,21,12,52,45,14,21,101,-18,-5,345,,106.6
Zack Kassian,30,RW,EDM,14.58,0.48,1.37,14.58,0.48,1.37,16.43,11,13,24,0,145,13,63,1,5,41,27,91,-40,-43,382,,106.4
Justin Schultz,30,D,PIT,16.9,2.34,0,16.9,2.34,0,19.24,3,16,19,8,42,67,7,0,0,32,25,98,44,99,273,,106.4
Sonny Milano,24,LW,ANA,11.83,1.35,0,11.83,1.35,0,13.17,10,15,25,3,28,13,24,0,1,26,21,80,-56,-43,382,,106.2
Sam Steel,22,C,ANA,13.69,2.01,0,13.69,2.01,0,15.7,9,15,24,8,21,21,20,318,308,31,21,83,-42,-64,404,,106
Artem Anisimov,32,"C,LW",OTT,11.96,1.4,1.25,11.96,1.4,1.25,14.61,13,8,21,4,11,28,11,231,248,16,25,93,-29,-16,358,,105.8
Corey Perry,35,RW,DAL,11.42,1.95,0,11.42,1.95,0,13.37,9,14,23,7,48,27,63,2,6,23,16,85,-34,-37,374,,105.8
Justin Faulk,28,D,STL,18.1,1.39,1.33,18.1,1.39,1.33,20.82,5,12,17,4,81,66,29,0,0,39,29,117,62,118,264,,105.8
Calvin de Haan,29,D,CHI,16.83,0,2.64,16.83,0,2.64,19.47,2,12,14,0,148,115,15,0,0,34,25,78,64,120,262,,105.6
Kevin Stenlund,24,"C,RW",CBJ,12.21,1.93,0,12.21,1.93,0,14.14,10,10,20,8,34,39,11,95,134,16,11,99,-5,-8,347,,105.4
Vladislav Namestnikov,28,"LW,RW",COL,11.75,1.44,1.77,11.75,1.44,1.77,14.97,10,11,21,3,83,39,40,50,49,24,19,84,-27,-14,353,,105.4
Alexander Steen,36,"LW,RW",STL,11.23,1.37,2.18,11.23,1.37,2.18,14.77,8,13,21,4,30,43,12,9,12,13,20,85,-18,-6,346,,105.2
Nikolay Goldobin,25,"LW,RW",VAN,12.23,2.63,0,12.23,2.63,0,14.86,8,16,24,7,15,14,13,1,2,27,16,98,-31,-19,360,,105.2
Daniel Sprong,23,"LW,RW",WSH,10.97,1.22,0,10.97,1.22,0,12.19,12,10,22,4,30,12,10,5,10,28,16,110,-27,-14,353,,104.8
Jesper Fast,29,RW,NYR,13.81,0,2.25,13.81,0,2.25,16.06,9,13,22,0,104,41,18,7,14,25,19,63,-62,-64,404,,104
Mike Matheson,26,D,FLA,16.91,0.63,1.64,16.91,0.63,1.64,19.18,6,11,17,2,41,68,22,0,0,37,28,98,22,78,287,,103.8
Lawson Crouse,23,LW,ARI,12.28,0,1.49,12.28,0,1.49,13.78,11,10,21,0,179,27,19,22,23,18,22,94,-39,-26,363,,103.6
Sean Walker,26,D,LA,16.57,0.74,1.28,16.57,0.74,1.28,18.59,4,14,18,3,68,67,21,0,0,36,25,94,18,74,290,,103.6
Jonas Brodin,27,D,MIN,18.87,0.49,2.15,18.87,0.49,2.15,21.51,2,14,16,1,33,95,20,0,0,35,29,78,29,85,282,,103.6
Dominik Simon,26,"LW,RW",PIT,13.46,0.63,0,13.46,0.63,0,14.08,8,15,23,1,60,21,15,11,19,27,31,90,-47,-34,371,,103.4
Emil Bemstrom,21,"C,RW",CBJ,11.38,1.59,0,11.38,1.59,0,12.97,10,12,22,8,54,18,9,5,10,17,10,101,-38,-41,378,,103.4
Warren Foegele,24,"LW,RW",CAR,12.46,0,1.21,12.46,0,1.21,13.67,11,11,22,0,66,15,27,13,14,24,32,100,-47,-35,373,,103
Nick Cousins,27,"C,LW,RW",VGK,11.96,1.41,0,11.96,1.41,0,13.37,9,12,21,4,81,28,29,69,81,19,23,98,-34,-21,361,,102.8
Paul Byron,31,"LW,RW",MON,11.96,0.7,1.72,11.96,0.7,1.72,14.38,10,12,22,1,87,33,8,10,19,22,21,68,-73,-60,400,,102.8
Richard Panik,29,"LW,RW",WSH,10.67,1.78,1.22,10.67,1.78,1.22,13.67,9,13,22,3,85,26,35,7,8,26,25,87,-51,-39,376,,102.8
Joel Eriksson Ek,24,C,MIN,13.44,0,1.95,13.44,0,1.95,15.39,8,12,20,0,98,36,21,274,344,14,17,101,-20,-42,379,,102.6
Jordan Greenway,23,"LW,RW",MIN,13.17,0.74,1.07,13.17,0.74,1.07,14.98,8,13,21,1,67,36,55,18,21,24,33,85,-44,-31,367,,102.4
Nicolas Aube-Kubel,24,RW,PHI,10.4,0.87,0,10.4,0.87,0,11.27,11,11,22,5,136,25,32,2,2,14,20,77,-73,-76,415,,102.4
Barclay Goodrow,27,"C,LW,RW",TB,12.18,0.73,2.2,12.18,0.73,2.2,15.1,8,11,19,2,116,51,64,288,276,17,33,82,-36,-23,362,,101.8
Brendan Lemieux,24,LW,NYR,10.66,1.36,0,10.66,1.36,0,12.02,10,10,20,5,147,39,65,14,27,25,12,81,-54,-42,379,,101.8
Noel Acciari,29,"C,RW",FLA,12.76,0,2.29,12.76,0,2.29,15.05,11,6,17,0,131,57,15,217,255,16,26,83,-36,-39,376,,101.4
Rudolfs Balcers,23,LW,OTT,10.97,1.41,0,10.97,1.41,0,12.38,9,12,21,5,27,36,17,3,10,22,17,75,-67,-54,392,,101.4
TJ Brodie,30,D,CGY,17.89,0.64,1.76,17.89,0.64,1.76,20.29,3,16,19,1,23,69,26,0,0,38,31,69,-28,28,320,,101.4
Rasmus Andersson,24,D,CGY,17.39,1.41,1,17.39,1.41,1,19.8,3,14,17,3,42,69,39,0,0,32,27,99,15,71,291,,101.4
Jack Roslovic,24,"C,RW",WPG,12.98,1.45,0,12.98,1.45,0,14.43,8,15,23,2,42,17,9,60,73,27,21,87,-70,-73,411,,101.2
Jimmy Vesey,27,"LW,RW",BUF,12.5,1.43,1.12,12.5,1.43,1.12,15.04,11,10,21,2,44,20,19,4,9,22,28,95,-62,-49,387,,101
Christian Wolanin,25,D,OTT,15.46,1.72,0,15.46,1.72,0,17.18,5,14,19,5,22,55,12,0,0,30,25,84,-29,26,321,,100.8
Logan Brown,22,C,OTT,10.18,2.09,0,10.18,2.09,0,12.28,5,19,24,8,33,28,11,139,201,36,26,62,-92,-114,456,,100.6
Boone Jenner,27,"C,LW",CBJ,14.36,1.7,1.79,14.36,1.7,1.79,17.85,12,13,25,2,111,60,35,439,373,20,23,141,292,305,171,,139.2
Blake Lizotte,23,C,LA,12.06,1.13,1.19,12.06,1.13,1.19,14.38,7,16,23,4,38,21,18,277,274,18,20,80,-79,-101,435,,100.4
Marc-Edouard Vlasic,33,D,SJ,16.91,0.52,2.74,16.91,0.52,2.74,20.17,4,12,16,1,25,84,12,0,0,34,26,74,-13,43,305,,100.4
Vince Dunn,24,D,STL,15.05,1.63,0,15.05,1.63,0,16.68,6,13,19,6,34,42,23,0,0,29,22,102,-24,32,314,,100.2
Danny DeKeyser,30,D,DET,18.7,0,2.6,18.7,0,2.6,21.3,4,10,14,0,76,101,33,0,0,36,30,69,-3,53,297,,100.2
Ryan Donato,24,"C,LW,RW",MIN,10.27,1.11,0,10.27,1.11,0,11.37,11,10,21,3,40,14,11,32,50,14,21,102,-65,-52,390,,100
Max Comtois,22,"LW,RW",ANA,11.96,2.39,0,11.96,2.39,0,14.35,11,12,23,6,123,14,55,7,29,37,9,72,-108,-95,432,,100
Olli Maatta,26,D,CHI,16.19,0.7,2.07,16.19,0.7,2.07,18.95,3,11,14,3,100,97,18,0,0,34,26,81,11,67,294,,100
Alex Chiasson,30,RW,EDM,11.01,2.24,0,11.01,2.24,0,13.26,12,10,22,10,52,16,28,3,7,17,16,77,-102,-105,443,,99.8
Lucas Wallmark,25,C,FLA,11.03,1.14,1.11,11.03,1.14,1.11,13.28,9,13,22,5,49,23,17,335,325,17,20,77,-90,-112,455,,99.6
Conor Sheary,28,"LW,RW",PIT,11.89,1.2,0,11.89,1.2,0,13.09,10,11,21,2,21,20,8,3,5,19,19,93,-72,-59,397,,99.6
Will Butcher,26,D,NJ,16.38,1.55,0,16.38,1.55,0,17.92,3,16,19,4,27,64,8,0,0,31,23,70,-44,12,332,,99.6
David Savard,30,D,CBJ,18.25,0,1.84,18.25,0,1.84,20.09,3,9,12,0,101,110,25,0,0,34,28,83,25,81,284,,99.6
Cody Glass,21,"C,RW",VGK,11.58,2.51,0,11.58,2.51,0,14.1,8,15,23,10,22,10,10,93,124,26,28,92,-82,-85,426,,99.4
Ethan Bear,23,D,EDM,19.26,0.81,2.06,19.26,0.81,2.06,22.13,1,14,15,2,52,93,32,0,0,40,33,80,3,59,295,,99.2
Matt Calvert,31,"LW,RW",COL,11.53,0,2.24,11.53,0,2.24,13.76,9,11,20,0,62,28,24,16,21,14,24,93,-67,-54,392,,98.8
Brandon Montour,26,D,BUF,17.94,0.79,1.38,17.94,0.79,1.38,20.11,4,13,17,2,65,61,32,0,0,35,27,97,-15,40,306,,98.8
Casey Cizikas,29,C,NYI,11.7,0,2.28,11.7,0,2.28,13.98,10,8,18,0,138,48,24,396,367,29,39,75,-76,-99,434,,98.2
Derek Ryan,34,C,CGY,11.38,0.86,1.73,11.38,0.86,1.73,13.97,8,14,22,2,14,22,11,311,262,26,31,77,-98,-120,460,,98.2
Brandon Tanev,29,"LW,RW",PIT,12.13,0,2.23,12.13,0,2.23,14.36,8,9,17,0,193,57,14,4,6,24,23,80,-58,-45,384,,97.8
Pontus Aberg,27,"LW,RW",TOR,12.31,1.98,0,12.31,1.98,0,14.29,9,13,22,6,33,10,17,3,14,30,13,94,-91,-79,420,,97.8
Scott Mayfield,28,D,NYI,17.07,0,2.55,17.07,0,2.55,19.61,3,10,13,0,86,101,44,0,0,36,24,77,-5,51,298,,97.8
Brett Howden,22,"C,LW,RW",NYR,11.41,1.38,1.92,11.41,1.38,1.92,14.71,8,11,19,3,57,49,19,244,257,25,20,65,-90,-77,416,,97.6
Maxime Lajoie,23,D,OTT,15.76,1.54,2.06,15.76,1.54,2.06,19.36,6,8,14,6,33,81,23,0,0,33,24,86,-21,35,310,,97.6
Mattias Janmark,28,"C,LW",DAL,12.28,0.71,1.64,12.28,0.71,1.64,14.63,7,14,21,4,16,31,13,28,37,26,21,75,-94,-82,422,,97.4
Brandon Pirri,29,"C,LW",VGK,10.89,1.79,0,10.89,1.79,0,12.68,12,8,20,7,49,18,27,19,23,12,28,91,-95,-82,422,,97.4
Alex Nylander,22,"LW,RW",CHI,11.27,1.39,0,11.27,1.39,0,12.66,8,14,22,2,25,12,10,6,13,20,22,91,-97,-84,425,,97
Oskar Sundqvist,26,"C,RW",STL,12.35,0,1.71,12.35,0,1.71,14.06,9,11,20,0,69,25,25,148,179,10,36,88,-91,-94,431,,96.6
Michal Kempny,30,D,WSH,16.72,0,1.62,16.72,0,1.62,18.34,3,12,15,0,51,83,26,0,0,30,26,77,-32,24,324,,96.6
Matt Roy,25,D,LA,16.56,0,1.51,16.56,0,1.51,18.07,4,10,14,0,103,84,10,0,0,34,24,84,-24,31,317,,96.4
Tyson Jost,22,"C,LW",COL,11.15,1.91,0,11.15,1.91,0,13.05,9,11,20,4,40,18,17,67,122,10,16,100,-84,-72,410,,96.2
Rocco Grimaldi,27,"LW,RW",NSH,11.93,0,0,11.93,0,0,11.93,8,13,21,0,24,14,9,3,4,17,25,98,-90,-77,416,,96.2
Jake Gardiner,30,D,CAR,15.33,1.68,0,15.33,1.68,0,17.01,2,19,21,6,35,42,24,0,0,30,24,71,-88,-32,368,,96
Ryan Hartman,26,"LW,RW",MIN,11.24,0,1.15,11.24,0,1.15,12.39,8,10,18,0,51,39,46,56,54,15,26,91,-75,-62,403,,95.8
Christopher Tanev,31,D,VAN,15.82,0,3.12,15.82,0,3.12,18.94,2,11,13,0,27,114,18,0,0,35,26,45,-49,7,335,,95.6
Travis Zajac,35,C,NJ,13.27,0.82,2.78,13.27,0.82,2.78,16.87,8,13,21,1,46,29,22,454,403,16,33,64,-127,-149,486,,95.4
Ryan Kesler,36,C,ANA,12.57,1.38,2.28,12.57,1.38,2.28,16.23,9,8,17,3,83,47,42,473,409,24,14,81,-88,-110,452,,95
Marcus Pettersson,24,D,PIT,17.08,0.87,1.27,17.08,0.87,1.27,19.23,2,14,16,2,80,79,36,0,0,35,25,67,-59,-4,343,,95
Evan Rodrigues,27,"C,RW",PIT,10.42,1.32,1.77,10.42,1.32,1.77,13.51,7,12,19,3,27,23,18,170,199,18,23,107,-75,-78,419,,94.6
Nikita Zaitsev,29,D,OTT,18.62,0,2.95,18.62,0,2.95,21.57,2,10,12,0,103,112,19,0,0,40,28,59,-37,18,328,,94.6
Derek Grant,30,"C,LW",PHI,10.36,0.63,2.23,10.36,0.63,2.23,13.21,10,9,19,2,61,28,24,334,309,13,19,80,-117,-104,440,,94.2
Erik Cernak,23,D,TB,16.29,0,2.96,16.29,0,2.96,19.25,4,9,13,0,163,79,49,0,0,30,26,98,-24,32,314,,94.2
Morgan Frost,21,"C,LW",PHI,11.67,2.53,0,11.67,2.53,0,14.2,6,15,21,2,12,12,12,130,144,18,30,101,-98,-85,426,,94
Derick Brassard,33,"C,LW,RW",NYI,11.79,1.56,0,11.79,1.56,0,13.36,9,11,20,4,82,17,18,198,175,29,22,90,-115,-102,438,,93.8
Troy Terry,23,RW,ANA,12.82,1.92,0,12.82,1.92,0,14.74,7,15,22,6,9,14,7,4,7,25,34,76,-135,-137,475,,93.8
Luca Sbisa,31,D,WPG,15.65,0,2.15,15.65,0,2.15,17.8,1,14,15,0,108,90,36,0,0,33,23,59,-65,-9,349,,93.8
Jordan Weal,28,"C,RW",MON,11.6,1.73,0,11.6,1.73,0,13.33,8,12,20,6,27,22,16,129,122,15,21,84,-118,-121,462,,93.6
Cody Eakin,29,C,WPG,12.11,0.83,1.77,12.11,0.83,1.77,14.71,9,11,20,2,54,22,18,343,346,25,32,78,-129,-152,489,,93.4
Dylan DeMelo,27,D,WPG,16.99,0.75,2.16,16.99,0.75,2.16,19.9,1,14,15,1,95,81,34,0,0,34,24,75,-54,2,338,,93.4
Joel Edmundson,27,D,CAR,15.78,0,2.73,15.78,0,2.73,18.52,4,9,13,0,99,85,53,0,0,32,24,82,-46,10,333,,93.4
Dennis Cholowski,22,D,DET,16.7,2.67,0,16.7,2.67,0,19.37,4,12,16,8,25,57,11,0,0,35,25,91,-66,-10,351,,93
Andy Greene,38,D,NYI,16,0,3.03,16,0,3.03,19.02,2,8,10,0,35,123,13,0,0,33,26,59,-36,20,326,,93
Alexander Wennberg,26,"C,LW",CBJ,12.91,2.05,1.52,12.91,2.05,1.52,16.47,4,17,21,4,20,30,15,287,338,22,22,68,-131,-118,458,,92.6
Mark Borowiecki,31,D,OTT,15,0,2.1,15,0,2.1,17.1,3,8,11,0,187,107,55,0,0,29,24,68,-46,10,333,,92.4
Sam Bennett,24,"LW,RW",CGY,11.77,1.06,0,11.77,1.06,0,12.82,10,9,19,2,104,16,52,82,76,25,22,94,-123,-110,452,,92.2
Johnny Boychuk,37,D,NYI,15.03,0.43,1.8,15.03,0.43,1.8,17.26,2,9,11,1,111,98,18,0,0,33,22,90,-24,32,314,,92.2
Teddy Blueger,26,"C,LW",PIT,12.65,0,2.45,12.65,0,2.45,15.09,9,9,18,0,87,31,23,261,328,19,20,83,-122,-109,451,,92
Colin Blackwell,27,"C,LW,RW",NSH,10.71,0,0,10.71,0,0,10.71,6,13,19,0,89,41,17,74,59,14,12,63,-134,-121,462,,92
Jason Dickinson,25,"C,LW",DAL,12.57,0,2.07,12.57,0,2.07,14.64,6,12,18,0,95,44,12,179,220,24,33,70,-123,-110,452,,91.6
Adam Gaudette,24,C,VAN,10.77,1.55,0,10.77,1.55,0,12.32,8,13,21,6,35,17,35,174,250,12,19,69,-157,-180,517,,91.6
Cody Ceci,27,D,TOR,17.85,0,2.86,17.85,0,2.86,20.71,3,10,13,0,94,90,17,0,0,36,27,68,-70,-14,353,,91.6
Colton Sceviour,31,"LW,RW",FLA,10.29,0,2.38,10.29,0,2.38,12.67,7,8,15,0,72,51,5,48,66,25,20,95,-83,-70,409,,91.4
Nicolas Roy,23,"C,RW",VGK,11,0,0,11,0,0,11,9,11,20,0,78,14,17,185,179,10,18,83,-145,-148,485,,91.2
Nick Paul,25,"C,LW",OTT,12.65,0.68,0,12.65,0.68,0,13.33,9,7,16,2,117,31,23,135,130,17,22,109,-90,-77,416,,91.2
Valeri Nichushkin,25,"LW,RW",COL,11.8,1.64,0,11.8,1.64,0,13.44,7,12,19,3,73,22,16,3,3,20,30,92,-120,-107,447,,91.2
Sam Gagner,31,"LW,RW",DET,11.98,0.89,0,11.98,0.89,0,12.87,8,11,19,3,31,14,20,84,91,26,14,102,-118,-105,443,,91
Vladislav Gavrikov,25,D,CBJ,17.57,0,1.62,17.57,0,1.62,19.2,4,10,14,0,66,77,15,0,0,31,25,71,-86,-30,365,,91
Marcus Foligno,29,"LW,RW",MIN,12.05,0,1.86,12.05,0,1.86,13.91,8,10,18,0,169,35,28,9,14,15,26,74,-136,-123,465,,90.8
Brian Boyle,36,"C,LW",FLA,10.32,1.03,1.51,10.32,1.03,1.51,12.86,9,7,16,2,98,43,26,235,225,18,22,82,-119,-106,445,,90.6
Antoine Roussel,31,LW,VAN,10.57,1.23,1,10.57,1.23,1,12.79,8,11,19,3,68,27,62,15,14,19,12,74,-146,-133,472,,90.6
Carl Hagelin,32,LW,WSH,11.18,0,2.69,11.18,0,2.69,13.87,7,12,19,0,39,18,18,11,15,21,24,97,-121,-108,449,,90.6
Colin Wilson,31,"LW,RW",COL,11.16,1.83,0,11.16,1.83,0,12.99,8,11,19,5,40,23,7,34,39,11,12,80,-144,-132,471,,90.2
Mike Reilly,27,D,OTT,16.18,1.49,0,16.18,1.49,0,17.67,2,14,16,6,48,55,27,0,0,29,24,91,-82,-26,363,,90.2
Madison Bowey,25,D,DET,15.78,0.64,1.47,15.78,0.64,1.47,17.88,3,13,16,1,65,63,42,0,0,32,22,70,-106,-50,388,,90.2
Anton Stralman,34,D,FLA,17.86,0,2.59,17.86,0,2.59,20.45,3,11,14,0,60,76,12,0,0,35,28,74,-86,-30,365,,90.2
Jordan Oesterle,28,D,ARI,15.37,1.05,1.11,15.37,1.05,1.11,17.54,3,9,12,2,49,92,13,0,0,28,22,72,-71,-15,356,,90.2
Michael Amadio,24,C,LA,11.24,1.53,0,11.24,1.53,0,12.77,8,12,20,4,22,18,10,159,186,21,26,74,-160,-182,520,,90
Alexandre Texier,21,"C,LW",CBJ,12.58,0,0,12.58,0,0,12.58,9,11,20,0,32,12,13,40,63,19,26,81,-158,-145,482,,90
Justin Holl,29,D,TOR,16.27,0,2.03,16.27,0,2.03,18.3,3,12,15,0,74,69,37,0,0,30,26,70,-103,-47,385,,89.6
Dan Girardi,36,D,TB,15,0,2.34,15,0,2.34,17.35,3,8,11,0,119,100,16,0,0,29,23,68,-72,-16,358,,89.6
Valtteri Filppula,36,C,DET,12.56,1.64,1.67,12.56,1.64,1.67,15.87,7,13,20,3,17,27,17,280,311,29,19,58,-175,-197,546,,89.4
Devin Shore,26,"C,LW",CBJ,10.9,1.18,1.41,10.9,1.18,1.41,13.49,7,12,19,4,61,29,10,62,82,12,19,69,-157,-144,481,,89.4
Radko Gudas,30,D,WSH,13.83,0,2.77,13.83,0,2.77,16.6,2,11,13,0,143,79,39,0,0,30,22,84,-71,-15,356,,89.4
Michael Rasmussen,21,"LW,RW",DET,10.82,1.94,0,10.82,1.94,0,12.75,10,8,18,4,79,26,32,27,44,27,11,74,-160,-147,484,,89.2
Ben Hutton,27,D,LA,16.9,1.41,1.7,16.9,1.41,1.7,20.01,3,10,13,3,44,68,18,0,0,36,27,100,-64,-8,347,,89.2
Nick Leddy,29,D,NYI,18.69,1.36,0,18.69,1.36,0,20.05,2,14,16,3,54,59,12,0,0,35,29,76,-108,-53,391,,88.8
Stephen Johns,28,D,DAL,16.72,0,0,16.72,0,0,16.72,3,9,12,0,155,77,31,0,0,29,23,94,-66,-10,351,,88.6
Colton Sissons,27,"C,LW",NSH,11.88,1.1,2.33,11.88,1.1,2.33,15.3,9,8,17,2,84,36,24,308,275,23,17,68,-163,-151,487,,88
Nicolas Hague,22,D,VGK,15.59,0.96,0,15.59,0.96,0,16.55,2,16,18,6,108,41,47,0,0,27,22,78,-130,-74,412,,88
Christian Fischer,23,RW,ARI,11.27,1.8,0,11.27,1.8,0,13.06,9,8,17,2,123,19,19,3,10,10,8,100,-139,-142,480,,87.6
Loui Eriksson,35,"LW,RW",VAN,10.59,0.94,1.31,10.59,0.94,1.31,12.84,8,11,19,1,9,19,13,2,2,10,19,75,-173,-160,492,,87.6
Slater Koekkoek,26,D,CHI,15.23,0,1.43,15.23,0,1.43,16.66,4,9,13,0,88,75,41,0,0,27,23,72,-110,-54,392,,87.4
Drake Caggiula,26,"LW,RW",CHI,11.38,0,0,11.38,0,0,11.38,10,8,18,0,116,21,28,8,17,12,20,73,-181,-168,504,,87
Michael Del Zotto,30,D,ANA,15.82,0.68,1.53,15.82,0.68,1.53,18.03,2,13,15,1,138,66,18,0,0,31,23,68,-124,-68,408,,87
Josh Manson,29,D,ANA,17.94,0,2.76,17.94,0,2.76,20.7,3,11,14,0,130,68,43,0,0,38,31,74,-115,-59,397,,87
Nathan Gerbe,33,"LW,RW",CBJ,12.69,0,0,12.69,0,0,12.69,7,11,18,0,82,15,15,11,11,18,8,99,-146,-133,472,,86.8
Trevor Moore,25,"LW,RW",LA,10.6,0.83,1.35,10.6,0.83,1.35,12.78,8,10,18,1,68,23,8,4,10,26,27,78,-169,-156,490,,86.8
Henrik Borgstrom,23,C,FLA,11.16,1.08,0,11.16,1.08,0,12.23,8,12,20,6,12,14,6,182,265,29,24,64,-202,-224,576,,86.4
Mathieu Perreault,33,"LW,RW",WPG,11.19,1.3,0,11.19,1.3,0,12.49,9,9,18,3,81,19,18,17,11,14,21,79,-177,-164,497,,86.4
Zdeno Chara,43,D,BOS,17.43,0,2.84,17.43,0,2.84,20.28,4,8,12,0,73,76,41,0,0,37,27,80,-104,-48,386,,86.4
Ivan Barbashev,25,"C,LW,RW",STL,11.44,0,1.67,11.44,0,1.67,13.11,8,11,19,0,95,26,16,113,145,20,26,54,-204,-191,538,,86.2
Travis Dermott,24,D,TOR,16.31,0,1.24,16.31,0,1.24,17.56,3,12,15,0,81,58,25,0,0,33,24,75,-130,-74,412,,86.2
Brian Dumoulin,29,D,PIT,18.08,0,2.29,18.08,0,2.29,20.37,2,11,13,0,87,79,20,0,0,33,28,68,-115,-59,397,,86.2
Brandon Sutter,31,"C,RW",VAN,11.58,0.78,2.63,11.58,0.78,2.63,14.99,8,9,17,2,33,22,21,316,313,12,18,91,-157,-160,492,,86
Pierre Engvall,24,"C,LW",TOR,10.73,0,1.38,10.73,0,1.38,12.12,10,8,18,0,35,12,5,51,78,28,18,86,-179,-166,500,,86
Riley Stillman,22,D,FLA,17.08,0,2.49,17.08,0,2.49,19.57,1,10,11,0,102,97,16,0,0,40,24,66,-98,-42,379,,86
Austin Wagner,23,"LW,RW",LA,11.39,0,0,11.39,0,0,11.39,10,7,17,0,139,14,24,3,5,19,14,96,-163,-151,487,,85.8
Peter Cehlarik,25,LW,BOS,11.48,0,0,11.48,0,0,11.48,9,9,18,0,13,19,18,1,15,12,31,76,-185,-172,507,,85.8
Andrew MacDonald,34,D,CGY,14.74,0,1.88,14.74,0,1.88,16.61,2,9,11,0,30,99,18,0,0,28,21,55,-116,-60,400,,85.6
Chandler Stephenson,26,"C,LW,RW",VGK,12.07,0.74,1.4,12.07,0.74,1.4,14.21,6,13,19,2,38,29,11,133,171,17,27,54,-202,-189,536,,85.4
Josh Archibald,28,"LW,RW",EDM,10.76,0,2.13,10.76,0,2.13,12.89,9,8,17,0,145,33,10,9,14,9,18,61,-193,-181,519,,85.4
Tyler Pitlick,29,"C,LW,RW",PHI,10.85,0,1.34,10.85,0,1.34,12.19,8,8,16,0,106,37,12,5,13,16,21,73,-170,-157,491,,85.4
Andrew Ladd,35,LW,NYI,12.52,0,0,12.52,0,0,12.52,7,12,19,0,63,20,24,2,6,26,18,66,-198,-185,530,,85.2
Justin Braun,33,D,PHI,15.3,0,1.98,15.3,0,1.98,17.28,2,11,13,0,81,78,16,0,0,29,22,64,-129,-74,412,,85
Ron Hainsey,39,D,OTT,17.03,0,2.83,17.03,0,2.83,19.86,2,10,12,0,52,92,12,0,0,36,25,49,-138,-82,422,,84.6
Denis Malgin,24,"C,LW,RW",TOR,11.15,1.03,0,11.15,1.03,0,12.18,8,10,18,2,45,21,17,67,103,21,29,70,-198,-186,531,,84.4
Thomas Hickey,31,D,NYI,15.75,0,2.31,15.75,0,2.31,18.06,2,9,11,0,57,90,31,0,0,32,23,65,-121,-66,406,,84
Dante Fabbro,22,D,NSH,18.57,0.6,0,18.57,0.6,0,19.18,4,7,11,1,50,74,36,0,0,34,26,86,-114,-58,396,,83.8
Adam Larsson,28,D,EDM,18.05,0,1.84,18.05,0,1.84,19.88,2,8,10,0,155,94,36,0,0,36,27,71,-110,-54,392,,83.8
Nikolai Prokhorkin,27,"C,LW,RW",LA,11.38,0.69,0,11.38,0.69,0,12.06,6,13,19,3,48,10,8,128,141,17,24,83,-193,-180,517,,83.6
Brock McGinn,26,"LW,RW",CAR,10.86,0,2.45,10.86,0,2.45,13.31,8,9,17,0,76,21,10,12,19,13,22,81,-188,-175,510,,83.6
Patrik Nemeth,28,D,DET,17.56,0,3.16,17.56,0,3.16,20.72,2,7,9,0,77,103,29,0,0,37,26,67,-107,-51,389,,83.6
Pat Maroon,32,"LW,RW",TB,10.73,1.46,0,10.73,1.46,0,12.19,8,11,19,4,89,10,52,4,3,13,13,71,-217,-204,554,,83.2
Marcus Sorensen,28,"LW,RW",SJ,11.83,0,1.42,11.83,0,1.42,13.25,9,9,18,0,53,19,10,4,13,15,24,63,-220,-207,556,,83.2
Michael Frolik,32,"LW,RW",BUF,10.98,0,1.61,10.98,0,1.61,12.59,7,10,17,0,33,21,25,10,18,28,29,83,-187,-174,508,,83
Henri Jokiharju,21,D,BUF,16.7,0,1.28,16.7,0,1.28,17.99,2,13,15,0,66,54,29,0,0,32,24,72,-157,-101,435,,83
Casey Mittelstadt,22,C,BUF,11.5,1.92,0,11.5,1.92,0,13.41,8,10,18,6,19,14,5,161,200,19,14,75,-210,-233,588,,82.6
Brayden McNabb,30,D,VGK,16.53,0,2.96,16.53,0,2.96,19.49,2,7,9,0,157,104,32,0,0,33,27,60,-122,-66,406,,82.6
Kyle Okposo,32,RW,BUF,11.69,0.72,0,11.69,0.72,0,12.41,8,9,17,2,54,17,27,36,35,15,14,83,-197,-200,549,,82.4
Austin Czarnik,28,"LW,RW",CGY,9.84,1.07,0,9.84,1.07,0,10.91,7,11,18,2,10,23,9,32,37,15,24,60,-223,-210,560,,82.2
Brad Hunt,32,D,MIN,12.37,2.18,0,12.37,2.18,0,14.55,5,10,15,9,17,36,6,0,0,22,20,89,-163,-107,447,,82.2
Matt Luff,23,RW,LA,10.44,0,0,10.44,0,0,10.44,8,9,17,0,43,19,7,1,6,15,11,77,-206,-209,557,,82
Cedric Paquette,27,C,TB,10.78,0,1.94,10.78,0,1.94,12.73,8,6,14,0,157,45,38,284,281,9,15,69,-190,-213,566,,81.8
Colin Miller,28,D,BUF,15.55,1.4,0,15.55,1.4,0,16.96,2,13,15,4,99,43,27,0,0,31,24,87,-157,-101,435,,81.6
Deryk Engelland,38,D,VGK,14.17,0,3,14.17,0,3,17.17,2,8,10,0,116,92,31,0,0,29,22,64,-136,-80,421,,81.6
Sean Kuraly,28,"C,LW",BOS,11.54,0,1.59,11.54,0,1.59,13.13,6,10,16,0,113,24,29,216,215,23,23,89,-183,-171,505,,81.4
Jordie Benn,33,D,VAN,13.8,0,2.5,13.8,0,2.5,16.3,2,9,11,0,61,83,22,0,0,28,20,66,-144,-89,430,,81.4
Luke Glendening,31,"C,RW",DET,12.2,0,2.77,12.2,0,2.77,14.96,7,5,12,0,139,60,13,372,289,15,12,71,-173,-176,512,,81.2
Kris Russell,33,D,EDM,14.63,0,2.22,14.63,0,2.22,16.85,1,8,9,0,68,109,13,0,0,33,23,48,-141,-85,426,,81.2
Trevor Lewis,34,"C,RW",LA,10.8,0,1.53,10.8,0,1.53,12.33,7,8,15,0,72,26,17,44,68,14,11,93,-180,-183,522,,81
Chris Wideman,31,D,ANA,10.86,1.93,0,10.86,1.93,0,12.79,3,12,15,2,75,45,35,0,0,21,15,75,-177,-122,464,,81
Jason Spezza,37,"C,RW",TOR,9.52,1.22,0,9.52,1.22,0,10.74,6,12,18,5,11,17,17,226,182,28,16,70,-222,-225,578,,80.8
Taro Hirose,24,"LW,RW",DET,10.21,2.58,0,10.21,2.58,0,12.79,4,13,17,10,28,34,14,1,11,39,13,61,-213,-200,549,,80.8
Ryan Lindgren,22,D,NYR,14.79,0,2.36,14.79,0,2.36,17.15,1,13,14,0,93,70,36,0,0,32,26,49,-185,-129,467,,80.8
Matt Grzelcyk,27,D,BOS,15.62,1.47,1.12,15.62,1.47,1.12,18.22,2,12,14,4,45,49,32,0,0,30,26,85,-160,-104,440,,80.6
Brendan Guhle,23,D,ANA,16.33,0,0,16.33,0,0,16.33,2,11,13,0,37,58,15,0,0,28,23,82,-154,-98,433,,80.6
Brad Richardson,35,C,ARI,11.03,0,2.59,11.03,0,2.59,13.61,7,7,14,0,61,41,19,347,307,15,14,75,-193,-216,569,,80.4
Kenny Agostino,28,LW,TOR,11.52,0.98,0,11.52,0.98,0,12.5,5,14,19,3,124,12,31,14,25,25,21,68,-231,-218,571,,80.4
Jake McCabe,27,D,BUF,16.25,0,2.35,16.25,0,2.35,18.6,2,9,11,0,90,83,33,0,0,31,25,61,-158,-102,438,,80.4
Jayce Hawryluk,25,"LW,RW",OTT,10.58,0,0,10.58,0,0,10.58,7,11,18,0,144,24,37,10,14,27,20,48,-252,-239,598,,80.2
Kevin Connauton,30,D,COL,15.03,0,2.86,15.03,0,2.86,17.88,4,6,10,0,113,75,19,0,0,29,21,81,-143,-87,429,,80.2
Travis Boyd,27,"C,RW",WSH,10.14,0,0,10.14,0,0,10.14,6,13,19,0,26,21,5,97,137,13,15,43,-261,-264,624,,80
Ryan Callahan,35,RW,OTT,9.9,0,1.12,9.9,0,1.12,11.03,6,10,16,0,99,27,18,12,22,10,21,76,-208,-211,562,,80
Nick Holden,33,D,VGK,16.43,0,1.83,16.43,0,1.83,18.26,3,9,12,0,110,64,9,0,0,31,26,77,-160,-104,440,,80
Dillon Dube,22,"C,LW,RW",CGY,11.79,0.87,0,11.79,0.87,0,12.67,6,12,18,2,59,14,8,18,23,20,19,71,-230,-218,571,,79.8
Matt Nieto,28,"LW,RW",COL,10.9,0,2.52,10.9,0,2.52,13.42,6,11,17,0,28,23,6,3,4,11,15,67,-228,-215,568,,79.6
Tyler Motte,25,"LW,RW",VAN,11.03,0,2.04,11.03,0,2.04,13.06,7,6,13,0,163,47,12,13,19,13,26,73,-196,-183,522,,79.4
Kevan Miller,33,D,BOS,15.76,0,1.97,15.76,0,1.97,17.73,1,9,10,0,117,96,45,0,0,30,24,50,-164,-108,449,,79.4
Adam Lowry,27,C,WPG,12.33,0,2.3,12.33,0,2.3,14.64,7,8,15,0,166,30,19,406,339,12,30,76,-212,-234,589,,79.2
Blake Comeau,34,"LW,RW",DAL,12.42,0,2.04,12.42,0,2.04,14.46,7,9,16,0,110,25,34,41,57,26,24,71,-224,-211,562,,79.2
Jason Demers,32,D,ARI,17.67,0,2.15,17.67,0,2.15,19.83,2,10,12,0,75,72,23,0,0,34,29,62,-176,-120,460,,79.2
Antti Suomela,26,C,SJ,9.6,0,0,9.6,0,0,9.6,6,12,18,0,60,16,7,156,149,10,15,62,-248,-270,631,,78.8
Cal Clutterbuck,33,RW,NYI,10.85,0.94,2.11,10.85,0.94,2.11,13.91,6,8,14,2,175,44,43,9,13,30,16,66,-211,-214,567,,78.8
Derrick Pouliot,27,D,STL,15.85,0.99,0,15.85,0.99,0,16.84,2,10,12,2,65,72,22,0,0,30,23,59,-185,-129,467,,78.6
Joey Anderson,22,RW,NJ,11.53,0,0,11.53,0,0,11.53,9,8,17,0,52,12,7,7,11,18,13,68,-252,-254,613,,78.4
Erik Brannstrom,21,D,OTT,13.68,1.57,0,13.68,1.57,0,15.25,1,11,12,3,29,68,32,0,0,24,19,71,-171,-115,457,,78.4
Robert Hagg,25,D,PHI,14.66,0,1.41,14.66,0,1.41,16.07,2,8,10,0,155,89,35,0,0,30,21,54,-174,-119,459,,78.4
Joakim Ryan,27,D,LA,16.66,0,1.7,16.66,0,1.7,18.36,2,8,10,0,42,79,16,0,0,34,24,72,-162,-106,445,,78
Charles Hudon,26,"LW,RW",MON,10.6,1.4,0,10.6,1.4,0,12.01,7,7,14,3,112,20,27,31,41,22,19,104,-192,-179,516,,77.8
Max Jones,22,LW,ANA,13.13,0.78,0,13.13,0.78,0,13.91,9,5,14,1,72,14,37,8,12,28,18,106,-199,-186,531,,77.8
Jean-Sebastien Dea,26,"C,RW",BUF,9.33,0,0,9.33,0,0,9.33,9,6,15,0,50,26,21,112,108,15,26,66,-244,-247,604,,77.6
Taylor Fedun,32,D,DAL,12.81,0,0.98,12.81,0,0.98,13.79,4,9,13,0,27,46,17,0,0,23,19,79,-197,-141,479,,77.2
David Backes,36,"C,RW",ANA,8.49,1.45,0,8.49,1.45,0,9.94,6,9,15,4,92,17,46,81,89,12,16,96,-210,-212,565,,77
Michael Grabner,33,"LW,RW",ARI,10.01,0,2.32,10.01,0,2.32,12.33,10,5,15,0,30,16,9,2,6,18,35,78,-244,-231,585,,77
Zack MacEwen,24,"C,RW",VAN,9.8,0,0,9.8,0,0,9.8,11,5,16,0,134,18,54,4,1,27,14,53,-281,-283,647,,76.8
David Kampf,26,"C,RW",CHI,11.46,0,2.18,11.46,0,2.18,13.64,6,10,16,0,38,23,9,266,252,12,27,67,-247,-250,605,,76.6
Frans Nielsen,36,C,DET,10.98,1.06,1.56,10.98,1.06,1.56,13.59,6,8,14,2,39,32,9,232,257,17,11,79,-220,-242,599,,76.6
Brian Gibbons,32,"LW,RW",CAR,10.12,0,1.47,10.12,0,1.47,11.59,6,10,16,0,31,32,18,13,22,17,24,47,-268,-256,615,,76.2
Niklas Hjalmarsson,33,D,ARI,15.81,0,2.77,15.81,0,2.77,18.59,1,7,8,0,32,107,29,0,0,34,26,42,-184,-128,466,,76.2
Austin Watson,29,"LW,RW",NSH,10.63,0,1.26,10.63,0,1.26,11.89,7,6,13,0,146,44,44,9,8,20,17,62,-237,-224,576,,76
Phillip Di Giuseppe,27,"LW,RW",NYR,11.04,0,0,11.04,0,0,11.04,5,8,13,0,121,36,6,1,5,14,12,88,-205,-192,540,,76
Jonas Siegenthaler,23,D,WSH,12.91,0,3.15,12.91,0,3.15,16.07,1,8,9,0,53,98,38,0,0,29,19,43,-195,-139,478,,75.8
Sammy Blais,24,"LW,RW",STL,11.57,0.94,0,11.57,0.94,0,12.51,7,8,15,1,188,22,24,1,1,24,18,74,-246,-234,589,,75.6
Martin Frk,27,"LW,RW",LA,11.48,0,0,11.48,0,0,11.48,7,11,18,0,60,10,9,0,1,26,7,53,-289,-277,638,,75.6
Troy Stecher,26,D,VAN,15.11,0.66,1.59,15.11,0.66,1.59,17.37,2,9,11,1,68,65,27,0,0,28,24,73,-192,-136,474,,75.6
Jay Bouwmeester,37,D,STL,18.48,0,2.46,18.48,0,2.46,20.94,2,8,10,0,43,78,23,0,0,35,28,62,-193,-137,475,,75.6
Jesse Puljujarvi,22,RW,EDM,12.12,0,0,12.12,0,0,12.12,7,7,14,0,56,25,17,2,3,33,24,82,-233,-236,592,,75.4
Lukas Radil,30,"C,LW",SJ,10.46,0,0,10.46,0,0,10.46,10,6,16,0,42,13,10,10,6,14,21,60,-285,-272,634,,75.2
Jordan Kyrou,22,"C,RW",STL,10.75,0,0,10.75,0,0,10.75,6,10,16,0,13,16,17,6,5,11,21,74,-254,-257,619,,75.2
Carson Soucy,26,D,MIN,14.47,0,1.24,14.47,0,1.24,15.7,5,7,12,0,72,52,13,0,0,27,21,67,-223,-167,502,,75.2
Tomas Nosek,28,"C,LW",VGK,10.11,0,1.45,10.11,0,1.45,11.56,7,7,14,0,65,25,16,119,122,13,22,80,-238,-226,579,,75
Brenden Dillon,30,D,WSH,16.96,0,1.9,16.96,0,1.9,18.86,1,12,13,0,154,61,54,0,0,31,27,53,-226,-171,505,,75
Brandon Carlo,24,D,BOS,17.57,0,3.07,17.57,0,3.07,20.64,3,7,10,0,100,64,25,0,0,34,29,82,-186,-130,469,,75
Yakov Trenin,24,"C,LW",NSH,9.84,0,0,9.84,0,0,9.84,6,9,15,0,129,25,11,8,3,8,19,68,-256,-244,601,,74.6
Magnus Paajarvi,29,"LW,RW",OTT,11.15,0,1.88,11.15,0,1.88,13.03,7,5,12,0,57,37,7,3,5,11,15,84,-222,-210,560,,74.6
Carl Gunnarsson,34,D,STL,13.56,0,1.6,13.56,0,1.6,15.17,4,6,10,0,35,75,20,0,0,28,20,53,-219,-164,497,,74.6
Darren Helm,34,"LW,RW",DET,11.81,0,1.67,11.81,0,1.67,13.48,7,7,14,0,70,21,29,17,15,24,21,85,-240,-227,581,,74.4
Dryden Hunt,25,LW,FLA,10.54,0,0,10.54,0,0,10.54,4,11,15,0,104,18,51,0,2,12,12,91,-229,-216,569,,74.4
Markus Nutivaara,26,D,CBJ,15.92,0,0,15.92,0,0,15.92,4,9,13,0,49,43,8,0,0,28,22,71,-230,-174,508,,74.4
Derek Forbort,28,D,CGY,16.46,0,2.63,16.46,0,2.63,19.09,1,7,8,0,96,94,20,0,0,36,26,59,-186,-130,469,,74.4
Jordan Martinook,28,"C,RW",CAR,10.2,0,1.43,10.2,0,1.43,11.62,6,9,15,0,93,27,24,72,84,19,29,62,-265,-268,627,,74.2
Mikkel Boedker,31,"LW,RW",OTT,8.42,1.51,0,8.42,1.51,0,9.93,6,10,16,4,29,15,4,3,7,21,7,71,-266,-253,607,,74.2
Kyle Clifford,30,LW,TOR,10.54,0,0,10.54,0,0,10.54,7,8,15,0,115,12,43,3,4,12,8,87,-248,-235,591,,74.2
Nikita Zadorov,25,D,COL,16.01,0,1.84,16.01,0,1.84,17.85,4,7,11,0,162,59,54,0,0,29,26,68,-218,-162,494,,74.2
Radim Simek,28,D,SJ,15.05,0,1.72,15.05,0,1.72,16.77,2,10,12,0,105,64,14,0,0,29,23,52,-233,-177,514,,74
Zemgus Girgensons,27,"LW,RW",BUF,11.44,0,2.3,11.44,0,2.3,13.73,7,8,15,0,97,19,12,24,36,10,14,71,-266,-253,607,,73.8
Pierre-Edouard Bellemare,35,"C,LW",COL,10.73,0,2.01,10.73,0,2.01,12.74,5,8,13,0,37,39,9,302,272,16,36,70,-243,-230,582,,73.6
Noah Juulsen,23,D,MON,15.65,0,0,15.65,0,0,15.65,2,9,11,0,140,65,11,0,0,27,22,63,-219,-163,495,,73.6
Marco Scandella,30,D,STL,15.23,0,2.02,15.23,0,2.02,17.25,4,7,11,0,60,57,19,0,0,31,24,69,-223,-167,502,,73.6
Curtis Lazar,25,"C,RW",BUF,10.05,0,1.85,10.05,0,1.85,11.91,7,7,14,0,115,34,9,210,225,16,18,54,-276,-279,644,,73.4
Ryan Carpenter,30,"C,LW,RW",CHI,11.09,0,2.14,11.09,0,2.14,13.23,6,8,14,0,93,27,17,192,226,19,24,73,-255,-242,599,,73.4
Kiefer Sherwood,25,RW,ANA,11.1,0,0,11.1,0,0,11.1,7,8,15,0,87,20,10,7,11,23,18,66,-276,-278,642,,73.2
Stefan Noesen,27,RW,SJ,10.88,0,0,10.88,0,0,10.88,8,5,13,0,95,23,24,13,20,10,22,84,-250,-253,607,,73
Roman Polak,34,D,DAL,13.78,0,2.71,13.78,0,2.71,16.49,1,6,7,0,136,104,34,0,0,30,20,47,-201,-145,482,,73
Mark Jankowski,26,C,CGY,9.06,0,2.1,9.06,0,2.1,11.16,7,7,14,0,15,34,14,216,244,19,29,51,-284,-307,663,,72.8
Barrett Hayton,20,"C,LW",ARI,11.45,0,0,11.45,0,0,11.45,6,10,16,0,40,9,45,70,108,12,24,76,-274,-261,622,,72.8
Noah Dobson,21,D,NYI,12.86,1.05,0,12.86,1.05,0,13.91,2,10,12,2,45,54,15,0,0,23,18,66,-232,-176,512,,72.8
Riley Sheahan,29,"C,LW",EDM,10.3,0,2.33,10.3,0,2.33,12.63,7,7,14,0,28,28,6,315,313,19,28,62,-276,-264,624,,72.6
Jakob Forsbacka Karlsson,24,C,BOS,11.37,0,0,11.37,0,0,11.37,6,11,17,0,25,18,5,186,256,9,17,42,-314,-336,687,,72.6
Milan Lucic,32,LW,CGY,11.4,1.43,0,11.4,1.43,0,12.83,6,10,16,4,159,15,35,16,18,33,16,63,-287,-275,636,,72.6
Mathieu Joseph,23,"LW,RW",TB,10.82,0,0,10.82,0,0,10.82,8,8,16,0,82,12,26,7,15,16,22,59,-300,-287,650,,72.6
Dylan Sikura,25,"LW,RW",CHI,11.39,0,0,11.39,0,0,11.39,3,12,15,0,9,17,4,1,9,12,32,89,-242,-230,582,,72.6
Eric Robinson,25,"LW,RW",CBJ,10.87,0,0,10.87,0,0,10.87,8,6,14,0,89,17,12,5,8,12,13,78,-269,-256,615,,72.4
Garnet Hathaway,29,RW,WSH,9.06,0,1.45,9.06,0,1.45,10.51,7,6,13,0,142,34,45,5,13,16,16,62,-274,-277,638,,72
Victor Mete,22,D,MON,16,0,1.13,16,0,1.13,17.13,2,7,9,0,20,78,18,0,0,31,23,59,-221,-165,499,,72
Victor Rask,27,C,MIN,10.12,1.47,0,10.12,1.47,0,11.59,6,10,16,3,36,12,8,196,210,14,20,64,-296,-318,674,,71.6
Jujhar Khaira,26,"C,LW",EDM,10.83,0,1.53,10.83,0,1.53,12.37,6,8,14,0,116,29,32,56,55,30,16,60,-283,-270,631,,71.6
Erik Gudbranson,29,D,ANA,16.72,0,2.09,16.72,0,2.09,18.81,3,6,9,0,116,67,55,0,0,33,24,73,-218,-163,495,,71.4
Michael Stone,30,D,CGY,14.66,0,0,14.66,0,0,14.66,0,8,8,0,81,80,25,0,0,26,21,77,-193,-137,475,,71.4
Brandon Dubinsky,34,"C,LW",CBJ,11.15,0,1.4,11.15,0,1.4,12.55,6,8,14,0,130,28,24,360,298,9,15,60,-286,-274,635,,71.2
Caleb Jones,23,D,EDM,14.98,0,0,14.98,0,0,14.98,3,8,11,0,47,60,15,0,0,26,21,56,-252,-196,543,,71.2
Gavin Bayreuther,26,D,DAL,16.38,0,0,16.38,0,0,16.38,6,4,10,0,27,50,25,0,0,29,23,75,-242,-186,531,,71
Jon Merrill,28,D,VGK,16.45,0,1.42,16.45,0,1.42,17.87,2,7,9,0,62,78,40,0,0,32,24,54,-234,-178,515,,71
Tage Thompson,23,"LW,RW",BUF,11.48,0.84,0,11.48,0.84,0,12.33,7,7,14,1,55,10,19,6,11,24,23,89,-269,-256,615,,70.8
Nathan Beaulieu,28,D,WPG,14.51,0,2.37,14.51,0,2.37,16.87,2,8,10,0,79,67,32,0,0,28,22,60,-239,-183,522,,70.8
Devante Smith-Pelly,28,RW,CGY,9.48,0,1.53,9.48,0,1.53,11.01,6,6,12,0,90,40,21,14,22,11,8,63,-273,-276,637,,70.6
Karson Kuhlman,25,"C,RW",BOS,11.77,0,0,11.77,0,0,11.77,4,10,14,0,82,13,30,2,7,11,7,97,-250,-253,607,,70.6
Zach Bogosian,30,D,TB,14.77,0,2.36,14.77,0,2.36,17.13,2,8,10,0,64,65,42,0,0,30,24,63,-238,-182,520,,70.6
Juuso Valimaki,22,D,CGY,14.5,0,0,14.5,0,0,14.5,2,6,8,0,44,80,30,0,0,25,20,63,-222,-166,500,,70.6
Johan Larsson,28,C,BUF,12.52,0,2.14,12.52,0,2.14,14.66,5,9,14,0,80,30,24,297,308,20,23,57,-292,-314,672,,70.4
Alexandre Fortin,23,LW,CHI,10.45,0,0,10.45,0,0,10.45,6,9,15,0,49,16,6,29,16,8,21,65,-298,-285,648,,70.4
Dean Kukan,27,D,CBJ,14.69,0.83,0,14.69,0.83,0,15.52,2,10,12,1,40,47,20,0,0,28,21,68,-252,-196,543,,70.4
Scott Harrington,27,D,CBJ,13.02,0,1.06,13.02,0,1.06,14.08,2,8,10,0,68,71,21,0,0,25,18,50,-251,-196,543,,70.4
Dmitry Kulikov,30,D,WPG,17.54,0,1.27,17.54,0,1.27,18.81,2,7,9,0,99,76,37,0,0,35,27,55,-239,-183,522,,70.4
Marc Staal,34,D,NYR,14.73,0,2.72,14.73,0,2.72,17.45,2,7,9,0,68,78,18,0,0,32,24,51,-242,-187,534,,70.4
Mirco Mueller,25,D,NJ,15.65,0,2.07,15.65,0,2.07,17.73,1,7,8,0,63,92,20,0,0,32,26,42,-239,-183,522,,70.2
Michael Raffl,32,"C,LW,RW",PHI,10.59,0,1.16,10.59,0,1.16,11.75,6,8,14,0,68,26,15,60,65,20,18,58,-299,-287,650,,70
Libor Hajek,22,D,NYR,15.39,0,0,15.39,0,0,15.39,0,9,9,0,49,83,25,0,0,27,22,49,-239,-183,522,,70
Markus Granlund,27,"LW,RW",EDM,9.69,1.26,2.58,9.69,1.26,2.58,13.53,8,5,13,2,30,21,22,69,92,11,22,72,-290,-277,638,,69.8
Mario Ferraro,22,D,SJ,15.22,0,1.1,15.22,0,1.1,16.32,2,9,11,0,117,57,29,0,0,27,21,60,-256,-200,549,,69.8
Martin Marincin,28,D,TOR,13.4,0,0,13.4,0,0,13.4,2,8,10,0,45,64,23,0,0,23,19,61,-247,-191,538,,69.8
Andrew Cogliano,33,LW,DAL,10.6,0,1.43,10.6,0,1.43,12.03,5,9,14,0,58,23,22,13,16,19,17,66,-293,-280,646,,69.4
Rasmus Sandin,20,D,TOR,13.97,0,0,13.97,0,0,13.97,1,13,14,0,64,44,13,0,0,24,20,44,-294,-238,595,,69.4
Brett Kulak,27,D,MON,16.94,0,0,16.94,0,0,16.94,2,8,10,0,64,50,17,0,0,30,24,86,-231,-175,510,,69.2
Carter Rowney,31,"C,RW",ANA,9.93,0,2.27,9.93,0,2.27,12.2,5,9,14,0,144,33,11,107,97,18,16,44,-316,-319,676,,69
Leo Komarov,34,"C,LW,RW",NYI,10.91,0,1.45,10.91,0,1.45,12.36,5,9,14,0,142,28,15,45,61,20,17,54,-307,-295,656,,69
Brendan Perlini,24,"LW,RW",DET,9.9,1.21,0,9.9,1.21,0,11.11,8,5,13,3,37,16,16,1,2,12,10,78,-292,-279,644,,69
Sami Niku,24,D,WPG,15.52,0,0,15.52,0,0,15.52,1,9,10,0,43,62,37,0,0,27,22,66,-246,-190,537,,69
Connor Carrick,26,D,NJ,14.14,0,0,14.14,0,0,14.14,2,8,10,0,49,65,34,0,0,25,20,55,-260,-204,554,,69
Philippe Myers,24,D,PHI,16.41,0,0,16.41,0,0,16.41,3,8,11,0,99,42,22,0,0,29,23,80,-252,-197,546,,68.8
Dylan Gambrell,24,"C,RW",SJ,10.43,0.8,0,10.43,0.8,0,11.23,6,8,14,1,43,26,14,173,204,18,11,51,-318,-321,678,,68.6
Justin Dowling,30,C,DAL,9.46,1.13,0,9.46,1.13,0,10.59,5,9,14,1,48,24,16,81,99,18,23,59,-308,-331,682,,68.4
Andrej Sekera,34,D,DAL,15.13,0,2.17,15.13,0,2.17,17.3,1,8,9,0,39,71,14,0,0,31,22,60,-248,-192,540,,68.4
John Moore,30,D,BOS,14.47,0,2.14,14.47,0,2.14,16.61,3,5,8,0,75,66,24,0,0,30,21,74,-239,-183,522,,68.2
Riley Nash,31,"C,LW",CBJ,10.37,0,1.44,10.37,0,1.44,11.81,5,8,13,0,55,32,10,202,214,10,25,56,-307,-294,655,,68
Patrik Berglund,32,"C,LW",BUF,11.52,0,0,11.52,0,0,11.52,7,5,12,0,70,29,17,127,93,10,11,66,-301,-288,652,,67.8
Jamie Oleksiak,28,D,DAL,14.9,0,0,14.9,0,0,14.9,3,8,11,0,128,49,37,0,0,26,21,61,-278,-223,575,,67.8
Mark Pysyk,29,"RW,D",FLA,12.53,0,1.98,12.53,0,1.98,14.51,4,6,10,0,61,55,20,0,0,25,20,59,-277,-221,574,,67.8
Nick Jensen,30,D,WSH,15.44,0,2.42,15.44,0,2.42,17.86,1,9,10,0,51,62,12,0,0,33,23,59,-265,-209,557,,67.6
Greg Pateryn,30,D,MIN,13.32,0,2.11,13.32,0,2.11,15.43,1,6,7,0,81,84,21,0,0,25,20,60,-239,-183,522,,67.6
Jack Johnson,34,D,PIT,16.73,0,2.22,16.73,0,2.22,18.94,1,6,7,0,134,86,21,0,0,31,25,56,-243,-187,534,,67.6
Anders Bjork,24,"LW,RW",BOS,11.99,0,0,11.99,0,0,11.99,5,9,14,0,37,23,8,1,2,18,25,56,-320,-308,664,,67.4
Saku Maenalanen,26,RW,CAR,8.98,0,0,8.98,0,0,8.98,7,7,14,0,72,16,14,9,22,13,19,59,-329,-332,684,,67.2
Trevor Daley,37,D,DET,14.2,0.64,2.65,14.2,0.64,2.65,17.49,2,7,9,2,17,67,26,0,0,36,21,57,-267,-211,562,,67.2
Troy Brouwer,35,"LW,RW",STL,10.41,0,1.82,10.41,0,1.82,12.23,6,7,13,0,110,28,27,32,44,29,18,54,-322,-309,665,,67
William Carrier,26,"LW,RW",VGK,9.77,0,0,9.77,0,0,9.77,7,6,13,0,166,11,32,4,2,8,21,83,-301,-288,652,,67
Gustav Forsling,24,D,CAR,15.95,0,0,15.95,0,0,15.95,3,7,10,0,43,44,25,0,0,28,22,80,-265,-209,557,,66.6
Xavier Ouellet,27,D,MON,14.94,0,0,14.94,0,0,14.94,1,8,9,0,74,57,23,0,0,26,21,79,-248,-192,540,,66.6
Alex Biega,32,D,DET,14.67,0,1.63,14.67,0,1.63,16.3,2,7,9,0,141,55,28,0,0,27,22,78,-253,-198,548,,66.6
Steven Santini,25,D,NSH,16.16,0,0,16.16,0,0,16.16,2,6,8,0,137,69,19,0,0,28,23,65,-257,-201,552,,66.6
Melker Karlsson,30,"LW,RW",SJ,9.77,0,1.96,9.77,0,1.96,11.74,6,6,12,0,41,35,18,11,12,11,19,51,-324,-311,669,,66.2
Michael Dal Colle,24,"LW,RW",NYI,11.7,0,0,11.7,0,0,11.7,6,7,13,0,66,21,12,4,2,20,11,63,-323,-311,669,,66
Korbinian Holzer,32,D,NSH,13.74,0,1.96,13.74,0,1.96,15.7,1,5,6,0,115,95,36,0,0,28,21,45,-259,-203,553,,66
Ty Rattie,27,"LW,RW",EDM,10.43,0,0,10.43,0,0,10.43,7,6,13,0,59,9,5,2,3,12,23,81,-314,-301,658,,65.8
Tim Heed,30,D,SJ,11.82,0.73,0,11.82,0.73,0,12.55,2,9,11,2,21,47,7,0,0,22,17,60,-293,-237,594,,65.8
Matthew Benning,26,D,EDM,12.7,0,1.33,12.7,0,1.33,14.04,3,8,11,0,106,46,23,0,0,24,18,57,-300,-244,601,,65.8
Trevor van Riemsdyk,29,D,CAR,13.53,0,1.19,13.53,0,1.19,14.72,2,8,10,0,23,52,11,0,0,25,21,63,-286,-230,582,,65.4
Carter Verhaeghe,25,"C,LW",TB,9.03,0,0,9.03,0,0,9.03,8,6,14,0,31,9,9,17,18,12,21,57,-355,-343,694,,65
Tucker Poolman,27,D,WPG,16.16,0,0,16.16,0,0,16.16,1,9,10,0,55,52,10,0,0,28,23,66,-282,-226,579,,65
Jaycob Megna,28,D,VGK,12.41,0,2.17,12.41,0,2.17,14.58,3,6,9,0,63,57,26,0,0,31,18,61,-288,-232,587,,65
Carl Dahlstrom,26,D,WPG,16.71,0,2.05,16.71,0,2.05,18.75,1,9,10,0,49,53,11,0,0,32,25,63,-287,-231,585,,64.8
Vladimir Sobotka,33,"C,LW,RW",BUF,12.11,0,1.69,12.11,0,1.69,13.8,5,7,12,0,80,23,18,142,132,12,10,72,-316,-303,659,,64.6
Boo Nieves,27,"C,LW",NYR,9.14,0,0,9.14,0,0,9.14,4,10,14,0,47,26,17,136,181,22,18,40,-357,-345,695,,64.4
Brendan Leipsic,26,"LW,RW",FA,9.15,0.76,0,9.15,0.76,0,9.9,4,10,14,2,44,18,11,7,10,22,12,56,-343,-331,682,,64.4
Josh Currie,28,"C,RW",EDM,8.57,0,0,8.57,0,0,8.57,5,7,12,0,104,33,6,6,9,6,6,50,-339,-341,691,,64.2
Nic Dowd,30,"C,RW",WSH,8.12,0,2.32,8.12,0,2.32,10.43,5,8,13,0,101,26,30,236,242,12,20,46,-356,-359,706,,63.6
Sam Lafferty,25,"C,LW,RW",PIT,9.02,0,0,9.02,0,0,9.02,6,7,13,0,107,16,25,119,113,14,18,61,-347,-335,685,,63.6
Jacob Larsson,23,D,ANA,15.39,0,1.25,15.39,0,1.25,16.64,1,8,9,0,37,59,13,0,0,29,22,60,-292,-236,592,,63.6
Jay Beagle,35,C,VAN,9.33,0,2.84,9.33,0,2.84,12.17,4,8,12,0,67,36,28,372,277,8,13,45,-346,-368,711,,63.4
Chris Wagner,29,"LW,RW",BOS,10.8,0,1.51,10.8,0,1.51,12.31,6,5,11,0,162,26,32,94,104,17,12,69,-327,-315,673,,63.2
Tobias Rieder,28,"C,LW,RW",CGY,9.43,0,1.58,9.43,0,1.58,11.01,5,6,11,0,38,27,7,9,35,8,18,71,-323,-310,667,,63
Fredrik Claesson,28,D,NJ,15.23,0,1.6,15.23,0,1.6,16.83,2,6,8,0,135,61,24,0,0,31,24,62,-294,-238,595,,62.8
Oscar Fantenberg,29,D,VAN,14.38,0,1.19,14.38,0,1.19,15.57,2,4,6,0,105,75,12,0,0,27,20,64,-276,-220,573,,62.8
Mason Appleton,25,"C,RW",WPG,9.77,0,0,9.77,0,0,9.77,5,8,13,0,31,16,12,3,7,10,8,61,-352,-355,703,,62.6
Jansen Harkins,23,"C,LW",WPG,10.81,0,0,10.81,0,0,10.81,4,9,13,0,15,20,3,0,10,14,14,58,-350,-337,688,,62.6
Joe Morrow,28,D,NJ,14.01,0,0,14.01,0,0,14.01,2,7,9,0,58,53,22,0,0,24,20,61,-307,-251,606,,62.4
Ryan Reaves,34,RW,VGK,9.57,0.48,0,9.57,0.48,0,10.06,6,7,13,1,179,18,42,21,25,7,15,50,-370,-373,718,,62.2
Zack Smith,32,"C,LW",CHI,10.66,0,1.4,10.66,0,1.4,12.06,4,9,13,0,104,19,40,146,159,19,23,56,-359,-346,697,,61.8
Joakim Nygard,28,LW,EDM,9.96,0,0,9.96,0,0,9.96,5,8,13,0,30,13,10,5,5,15,24,63,-357,-345,695,,61.8
Mackenzie MacEachern,26,LW,STL,8.62,0,0,8.62,0,0,8.62,7,5,12,0,95,13,27,1,3,9,14,68,-354,-341,691,,61.8
Lawrence Pilut,25,D,BUF,16.6,0,0,16.6,0,0,16.6,1,8,9,0,32,54,36,0,0,29,23,60,-311,-255,614,,61.6
Haydn Fleury,24,D,CAR,12.94,0,0,12.94,0,0,12.94,2,6,8,0,62,56,8,0,0,23,18,66,-302,-246,603,,61.6
Brandon Manning,30,D,EDM,13.43,0,1.71,13.43,0,1.71,15.14,3,5,8,0,88,55,28,0,0,25,20,63,-309,-253,607,,61.6
Robert Bortuzzo,31,D,STL,10.96,0,2.49,10.96,0,2.49,13.45,3,5,8,0,83,60,33,0,0,21,17,52,-321,-265,626,,61.4
Nick Seeler,27,D,CHI,12.1,0,0.99,12.1,0,0.99,13.09,1,6,7,0,55,74,36,0,0,21,18,48,-309,-253,607,,61.2
Brett Seney,24,"C,LW",NJ,10.35,0,0,10.35,0,0,10.35,5,8,13,0,52,15,33,107,175,19,18,55,-372,-359,706,,61
Adam Erne,25,"LW,RW",DET,10.76,0.95,0,10.76,0.95,0,11.71,5,6,11,1,138,23,19,17,12,20,8,69,-343,-330,680,,61
Joel Kellman,26,C,SJ,10.46,0,0,10.46,0,0,10.46,5,6,11,0,44,33,8,191,221,13,11,48,-363,-386,727,,60.8
Matthew Peca,27,"C,RW",OTT,9.23,0,0,9.23,0,0,9.23,4,8,12,0,43,27,6,102,106,17,9,50,-365,-368,711,,60.8
Nate Thompson,36,"C,RW",PHI,10.26,0,2.06,10.26,0,2.06,12.32,4,7,11,0,88,35,18,303,254,21,18,48,-361,-364,709,,60.6
Kevin Rooney,27,C,NJ,9.66,0,2.11,9.66,0,2.11,11.77,5,5,10,0,80,33,14,213,227,14,20,61,-348,-370,715,,60.4
Jan Rutta,30,D,TB,13.77,0,0,13.77,0,0,13.77,2,9,11,0,25,33,23,0,0,24,19,61,-342,-286,649,,60.4
Givani Smith,22,"LW,RW",DET,8.78,1.5,0,8.78,1.5,0,10.28,8,4,12,1,120,8,30,1,1,17,6,65,-376,-363,708,,60.2
Josh Mahura,22,D,ANA,13.78,0,0,13.78,0,0,13.78,3,4,7,0,21,59,14,0,0,24,19,63,-314,-258,620,,60.2
Christian Folin,29,D,MON,13.72,0,0,13.72,0,0,13.72,1,6,7,0,132,71,25,0,0,24,19,49,-317,-261,622,,60.2
Dennis Gilbert,24,D,CHI,14.54,0,0,14.54,0,0,14.54,1,6,7,0,150,75,46,0,0,25,20,41,-324,-268,627,,60.2
Mario Kempe,32,"C,LW",LA,10.11,0,0,10.11,0,0,10.11,4,7,11,0,87,30,13,102,166,11,8,54,-363,-350,700,,59.8
Joakim Nordstrom,28,"C,LW",BOS,10.22,0,1.91,10.22,0,1.91,12.13,5,4,9,0,96,36,16,16,22,13,17,67,-340,-327,679,,59.8
Patrick Russell,28,RW,EDM,10.33,0,0,10.33,0,0,10.33,4,6,10,0,78,32,10,1,3,15,11,65,-345,-348,699,,59.8
Christian Djoos,26,D,ANA,13.59,0,0,13.59,0,0,13.59,2,9,11,0,21,38,8,0,0,24,19,48,-359,-303,659,,59.8
Oliver Kylington,23,D,CGY,13.71,0,0,13.71,0,0,13.71,2,8,10,0,35,46,19,0,0,24,19,46,-354,-298,657,,59.6
Andrew Peeke,22,D,CBJ,14.05,0,0,14.05,0,0,14.05,2,6,8,0,64,53,11,0,0,24,20,62,-324,-268,627,,59.6
Par Lindholm,29,"C,LW",BOS,9.31,0,1.71,9.31,0,1.71,11.02,3,7,10,0,36,41,8,179,202,16,21,49,-360,-347,698,,59.2
Jesper Boqvist,22,"C,LW",NJ,10.42,1,0,10.42,1,0,11.43,7,2,9,2,61,27,14,10,20,19,21,72,-350,-337,688,,59.2
Mitchell Stephens,23,C,TB,9.79,0,0,9.79,0,0,9.79,6,6,12,0,49,11,16,250,193,7,9,63,-380,-402,737,,59
Filip Chlapik,23,"C,LW",OTT,8.99,0,0,8.99,0,0,8.99,5,6,11,0,111,26,17,56,65,11,17,51,-381,-368,711,,58.6
Kurtis MacDermid,26,D,LA,12.4,0,1.21,12.4,0,1.21,13.61,1,7,8,0,125,56,44,0,0,24,18,56,-334,-278,642,,58.6
Kevin Gravel,28,D,TOR,12.96,0,1.7,12.96,0,1.7,14.66,1,5,6,0,53,68,8,0,0,24,18,62,-312,-256,615,,58.6
Michael Chaput,28,"C,RW",ARI,9.13,0,2.1,9.13,0,2.1,11.23,3,8,11,0,91,29,26,211,206,14,12,53,-374,-377,723,,58.2
Alex Petrovic,28,D,BOS,14.79,0,0,14.79,0,0,14.79,1,6,7,0,144,61,40,0,0,26,21,59,-326,-271,633,,58.2
Markus Hannikainen,27,"LW,RW",ARI,8.89,0,0,8.89,0,0,8.89,6,5,11,0,68,18,8,3,2,6,15,59,-384,-371,717,,58
Christian Jaros,24,D,OTT,13.72,0,0,13.72,0,0,13.72,1,5,6,0,105,69,22,0,0,24,19,56,-325,-269,630,,57.8
Frederik Gauthier,25,"C,RW",TOR,8.48,0,1.09,8.48,0,1.09,9.56,5,7,12,0,67,22,8,211,180,12,7,39,-409,-412,742,,57.6
Tim Schaller,30,"C,LW",LA,8.56,0,2.38,8.56,0,2.38,10.93,5,5,10,0,61,29,14,13,15,10,16,54,-381,-369,714,,57.4
Matt Irwin,33,D,ANA,12.55,0,0,12.55,0,0,12.55,1,5,6,0,108,60,16,0,0,22,18,72,-314,-258,620,,57.4
David Schlemko,33,D,PHI,15.86,0,0,15.86,0,0,15.86,0,3,3,0,63,90,10,0,0,28,22,62,-294,-238,595,,57.4
Clark Bishop,24,C,CAR,9.34,0,0,9.34,0,0,9.34,4,9,13,0,112,14,18,182,201,14,14,43,-413,-435,752,,57.2
Braydon Coburn,35,D,TB,13.04,0,1.32,13.04,0,1.32,14.35,2,7,9,0,73,42,24,0,0,24,19,57,-358,-303,659,,57.2
Garrett Wilson,29,"LW,RW",TOR,7.27,0,0,7.27,0,0,7.27,5,6,11,0,113,16,20,4,5,6,5,62,-388,-375,720,,56.8
Miikka Salomaki,27,"LW,RW",TOR,10.2,0,0,10.2,0,0,10.2,5,4,9,0,114,30,25,4,7,8,10,64,-370,-357,705,,56.8
Anthony Bitetto,30,D,WPG,12.5,0,2.17,12.5,0,2.17,14.66,1,6,7,0,132,61,32,0,0,27,20,52,-346,-290,654,,56.8
Dion Phaneuf,35,D,LA,13.86,0,0,13.86,0,0,13.86,1,5,6,0,102,66,30,0,0,24,19,57,-333,-277,638,,56.8
Dominic Toninato,26,"C,LW",FLA,10.13,0,0,10.13,0,0,10.13,4,7,11,0,61,27,35,146,171,14,17,44,-401,-388,730,,56.6
Vladislav Kamenev,24,"C,RW",COL,7.99,1.17,0,7.99,1.17,0,9.16,2,10,12,4,53,21,12,105,91,11,18,51,-394,-397,735,,56.6
Nic Petan,25,"LW,RW",TOR,9.83,0,0,9.83,0,0,9.83,3,9,12,0,18,14,13,20,26,8,14,60,-390,-378,724,,56.6
Ben Street,33,"C,LW",NJ,9.72,0,0,9.72,0,0,9.72,6,6,12,0,47,15,6,28,56,11,6,42,-422,-409,740,,56.4
Jarred Tinordi,28,D,NSH,14.96,0,0,14.96,0,0,14.96,1,7,8,0,136,56,43,0,0,26,21,44,-366,-310,667,,56.2
Juuso Riikola,27,D,PIT,13.16,1.08,0,13.16,1.08,0,14.24,1,8,9,2,118,40,11,0,0,26,19,60,-362,-306,662,,56
Dale Weise,32,"LW,RW",MON,8.73,0,1.29,8.73,0,1.29,10.02,4,7,11,0,133,25,27,1,5,23,17,44,-408,-396,733,,55.8
Tom Kuhnhackl,29,"LW,RW",NYI,9.92,0,0,9.92,0,0,9.92,4,5,9,0,78,36,6,0,2,20,8,50,-390,-378,724,,55.4
Matt Martin,31,LW,NYI,10.11,0,0,10.11,0,0,10.11,5,5,10,0,183,23,25,5,5,15,10,52,-409,-396,733,,54.6
Andy Welinski,27,D,PHI,15.19,0,0,15.19,0,0,15.19,2,6,8,0,97,39,18,0,0,26,21,65,-367,-311,669,,54.6
Vinni Lettieri,25,"C,RW",NYR,9.78,0,0,9.78,0,0,9.78,4,6,10,0,73,18,13,14,16,17,11,65,-396,-399,736,,54.2
Greg McKegg,28,"C,LW",NYR,8.64,0,1.05,8.64,0,1.05,9.69,5,5,10,0,61,26,14,143,140,12,15,42,-425,-412,742,,53.8
Dmytro Timashov,24,"LW,RW",DET,8.51,0,0,8.51,0,0,8.51,4,7,11,0,121,15,20,0,0,8,6,50,-429,-416,745,,53
Mark Barberio,30,D,COL,13.23,0,0,13.23,0,0,13.23,0,7,7,0,31,48,39,0,0,23,19,64,-365,-309,665,,53
Jacob de la Rose,25,"C,LW",STL,9.64,0,1.31,9.64,0,1.31,10.95,3,7,10,0,122,24,15,146,190,11,16,51,-417,-404,738,,52.8
Gabriel Bourque,30,"LW,RW",WPG,7.89,0,2.44,7.89,0,2.44,10.33,3,5,8,0,126,45,5,4,12,12,10,37,-417,-404,738,,52.4
Zac Rinaldo,30,"C,LW",CGY,7.86,0,0,7.86,0,0,7.86,5,5,10,0,139,21,51,1,4,11,12,45,-435,-422,748,,52.4
Steven Kampfer,32,D,BOS,13.25,0,0,13.25,0,0,13.25,2,3,5,0,82,59,37,0,0,23,19,57,-374,-318,674,,52
Joseph Blandisi,26,"C,LW",MON,8.21,0,0,8.21,0,0,8.21,4,7,11,0,71,21,31,88,128,5,19,32,-456,-443,756,,51.8
Chad Ruhwedel,30,D,PIT,13.45,0,1.29,13.45,0,1.29,14.74,2,5,7,0,98,40,17,0,0,26,19,62,-391,-335,685,,51.4
Michael McLeod,22,C,NJ,12.2,0,0,12.2,0,0,12.2,3,8,11,0,111,11,23,180,157,21,31,53,-440,-462,764,,51
Ryan Poehling,22,"C,LW",MON,9.84,0,0,9.84,0,0,9.84,4,5,9,0,77,22,9,7,26,17,15,55,-428,-416,745,,50.8
Casey Nelson,28,D,BUF,14.72,0,0,14.72,0,0,14.72,1,6,7,0,48,44,11,0,0,26,21,56,-397,-341,691,,50.8
Ben Harpur,26,D,NSH,14.77,0,2.43,14.77,0,2.43,17.21,1,4,5,0,104,62,35,0,0,31,23,50,-386,-330,680,,50.8
John Hayden,25,"LW,RW",NJ,9.31,0,0,9.31,0,0,9.31,4,4,8,0,120,30,47,6,19,8,16,52,-426,-414,744,,50.4
Paul LaDue,28,D,LA,12.87,0,0,12.87,0,0,12.87,2,5,7,0,86,40,6,0,0,22,18,56,-407,-351,701,,50.2
Cale Fleury,22,D,MON,14.08,0,0,14.08,0,0,14.08,1,3,4,0,132,62,9,0,0,25,20,61,-376,-320,677,,50
Justin Abdelkader,33,"LW,RW",DET,10.02,0,1.3,10.02,0,1.3,11.32,3,6,9,0,115,26,29,37,35,21,10,47,-440,-427,750,,49.8
Dan Hamhuis,38,D,NSH,12.18,0,2.06,12.18,0,2.06,14.24,1,6,7,0,51,50,30,0,0,27,19,39,-421,-365,710,,49.8
Julius Honka,25,D,DAL,12.92,0,0,12.92,0,0,12.92,1,5,6,0,29,48,20,0,0,23,18,58,-396,-340,690,,49.8
Jeremy Lauzon,23,D,BOS,13.77,0,0,13.77,0,0,13.77,3,3,6,0,70,46,50,0,0,24,19,52,-411,-355,703,,49.8
Gemel Smith,26,"C,LW",TB,8.58,0,0,8.58,0,0,8.58,6,4,10,0,40,12,8,26,26,7,15,44,-466,-454,762,,49.6
Matthew Highmore,24,"LW,RW",CHI,9.47,0,0,9.47,0,0,9.47,4,6,10,0,57,13,10,2,3,15,24,52,-450,-437,754,,49.6
Nicolas Deslauriers,29,"LW,RW",ANA,9.29,0,0,9.29,0,0,9.29,4,4,8,0,143,26,40,0,1,8,9,56,-430,-417,747,,49.6
Ross Johnston,26,LW,NYI,7.99,0,0,7.99,0,0,7.99,5,5,10,0,130,19,50,2,2,9,6,33,-475,-462,764,,49.2
Matt Tennyson,30,D,NJ,11.89,0,0,11.89,0,0,11.89,0,7,7,0,75,50,17,0,0,21,17,39,-426,-370,715,,48.8
Gaetan Haas,29,C,EDM,8.91,0,0,8.91,0,0,8.91,4,4,8,0,54,27,6,153,209,20,21,49,-446,-468,769,,48.6
Noah Gregor,22,"C,LW,RW",SJ,9.75,0,0,9.75,0,0,9.75,5,4,9,0,99,11,18,14,26,15,13,61,-448,-435,752,,48.6
Brett Ritchie,27,RW,BOS,9.67,0,0,9.67,0,0,9.67,5,4,9,0,150,8,41,3,6,10,7,67,-442,-445,758,,48.6
Ilya Lyubushkin,26,D,ARI,13.95,0,0,13.95,0,0,13.95,0,5,5,0,150,62,19,0,0,24,20,44,-407,-351,701,,48.6
Scott Sabourin,28,RW,OTT,6.89,0,0,6.89,0,0,6.89,4,5,9,0,108,19,34,0,2,9,9,48,-458,-461,763,,48.2
Joel L'Esperance,25,"C,RW",DAL,11.1,0,0,11.1,0,0,11.1,5,3,8,0,64,12,14,75,87,22,18,69,-442,-445,758,,47.6
Brendan Smith,31,"LW,RW,D",NYR,9.77,0,1.93,9.77,0,1.93,11.7,3,4,7,0,78,36,40,0,0,21,18,46,-445,-389,732,,47.6
Josh Brown,27,D,FLA,12.77,0,0,12.77,0,0,12.77,2,4,6,0,92,45,29,0,0,22,18,48,-430,-374,719,,47.6
Valentin Zykov,25,"LW,RW",VGK,8.65,0,0,8.65,0,0,8.65,5,4,9,0,49,12,5,5,11,25,16,49,-477,-464,767,,46.6
Dalton Prout,30,D,SJ,11.82,0,0,11.82,0,0,11.82,2,4,6,0,91,45,23,0,0,21,17,43,-444,-388,730,,46.6
Rasmus Asplund,23,"C,RW",BUF,9.18,0,1.89,9.18,0,1.89,11.07,3,5,8,0,39,14,12,97,129,14,9,69,-444,-446,760,,46.4
Sheldon Dries,26,"C,LW",COL,8.21,0,0,8.21,0,0,8.21,4,3,7,0,89,24,35,71,71,10,6,57,-454,-442,755,,46
J.C. Beaudin,23,C,OTT,8.61,0,0,8.61,0,0,8.61,2,6,8,0,128,27,19,161,137,6,5,45,-466,-488,776,,45.8
Yannick Weber,32,D,NSH,12.97,0,0,12.97,0,0,12.97,2,3,5,0,54,44,19,0,0,23,18,56,-431,-375,720,,45.8
Jordan Schmaltz,27,D,NYI,11.38,0,0,11.38,0,0,11.38,0,5,5,0,25,59,7,0,0,20,16,35,-443,-387,728,,45.6
Jakob Lilja,27,"LW,RW",CBJ,9.7,0,0,9.7,0,0,9.7,3,4,7,0,27,35,4,3,2,11,13,35,-478,-466,768,,45
Andreas Martinsen,30,"LW,RW",PIT,7.7,0,0,7.7,0,0,7.7,3,5,8,0,135,20,29,8,10,16,6,49,-476,-463,766,,44.8
Lukas Sedlak,27,"C,LW,RW",CBJ,8.43,0,0,8.43,0,0,8.43,5,2,7,0,81,22,12,103,85,10,8,48,-481,-469,770,,44.4
J.T. Brown,30,RW,MIN,8.66,0,0,8.66,0,0,8.66,3,5,8,0,91,18,17,30,36,11,14,49,-483,-486,775,,44
John Quenneville,24,"C,LW,RW",CHI,10.52,0,0,10.52,0,0,10.52,3,5,8,0,61,20,13,13,23,9,11,45,-487,-474,773,,44
Connor Clifton,25,D,BOS,14.5,0,0,14.5,0,0,14.5,1,3,4,0,138,54,21,0,0,25,20,47,-443,-387,728,,44
Luke Schenn,31,D,TB,11.04,0,0,11.04,0,0,11.04,1,3,4,0,133,50,34,0,0,19,15,54,-439,-383,726,,43.8
Ashton Sautner,26,D,VAN,14.39,0,0,14.39,0,0,14.39,0,3,3,0,82,51,8,0,0,25,20,64,-432,-376,722,,42.2
Zach Whitecloud,24,D,VGK,13.48,0,0,13.48,0,0,13.48,0,6,6,0,33,43,15,0,0,23,19,34,-485,-429,751,,42
Mikhail Vorobyev,24,C,PHI,9.84,0,0,9.84,0,0,9.84,3,6,9,0,8,9,18,218,165,11,14,40,-521,-544,785,,41.6
Ian McCoshen,25,D,CHI,12.77,0,0,12.77,0,0,12.77,2,3,5,0,113,38,29,0,0,22,18,47,-478,-422,748,,41.6
Phil Varone,30,"LW,RW",PIT,7.82,0,0,7.82,0,0,7.82,3,4,7,0,25,22,10,93,94,13,6,40,-512,-500,779,,40.8
Christoffer Ehn,24,"C,LW,RW",DET,9.42,0,1.31,9.42,0,1.31,10.74,2,5,7,0,63,23,4,94,122,13,9,41,-511,-498,778,,40.4
Jonathan Ericsson,36,D,DET,12.79,0,2.46,12.79,0,2.46,15.24,1,2,3,0,82,50,14,0,0,30,20,51,-466,-410,741,,40.2
Connor Bunnaman,22,C,PHI,9.55,0,0,9.55,0,0,9.55,3,5,8,0,80,7,6,100,164,11,5,50,-521,-543,784,,39.8
Kurtis Gabriel,27,RW,PHI,7.62,0,0,7.62,0,0,7.62,3,5,8,0,136,20,47,1,1,11,5,22,-549,-552,788,,39.4
Logan Shaw,29,"LW,RW",WPG,7.02,0,0,7.02,0,0,7.02,4,2,6,0,46,22,3,24,24,9,4,38,-533,-520,782,,38.4
Jake Dotchin,26,D,STL,12.24,0,0,12.24,0,0,12.24,1,3,4,0,119,46,42,0,0,21,17,34,-508,-452,761,,38.2
Frederick Gaudreau,27,C,NSH,8.95,0,0,8.95,0,0,8.95,2,5,7,0,22,17,5,165,167,8,13,41,-533,-555,789,,38
Lias Andersson,22,"C,LW",NYR,8.4,0,0,8.4,0,0,8.4,2,5,7,0,71,16,15,118,129,11,22,43,-531,-518,781,,38
Blake Pietila,27,"C,LW",ANA,11.8,0,0,11.8,0,0,11.8,2,5,7,0,104,11,19,85,110,8,23,49,-533,-520,782,,37.2
Remi Elie,25,LW,BUF,9.49,0,0,9.49,0,0,9.49,3,4,7,0,91,10,11,4,3,14,10,40,-557,-544,785,,36
Luke Witkowski,30,"RW,D",TB,8.37,0,0,8.37,0,0,8.37,1,5,6,0,116,28,45,1,1,23,5,28,-552,-496,777,,35.8
Aaron Ness,30,D,ARI,12.1,0,0,12.1,0,0,12.1,0,4,4,0,37,44,4,0,0,21,17,30,-531,-475,774,,35.6
Cody Goloubef,31,D,DET,13.33,0,0,13.33,0,0,13.33,1,3,4,0,90,35,13,0,0,23,19,42,-527,-471,772,,35.4
Jason Garrison,36,D,CHI,10.78,0,0,10.78,0,0,10.78,0,1,1,0,39,58,29,0,0,19,15,44,-499,-443,756,,35
Joel Hanley,29,D,DAL,12.8,0,0,12.8,0,0,12.8,0,3,3,0,54,46,8,0,0,22,18,36,-526,-470,771,,34.6
Andrew Agozzino,30,"C,LW",ANA,6.79,0,0,6.79,0,0,6.79,2,5,7,0,64,18,10,91,95,10,13,20,-586,-573,790,,34.2
Andreas Englund,25,D,OTT,9.99,0,0,9.99,0,0,9.99,0,5,5,0,111,28,20,0,0,17,14,30,-570,-514,780,,32.2
Chris Stewart,33,RW,PHI,7.72,0,0,7.72,0,0,7.72,3,3,6,0,100,13,14,1,1,6,9,26,-603,-606,793,,31.4
Micheal Haley,34,"C,LW",NYR,6,0,0,6,0,0,6,3,2,5,0,87,15,41,17,15,13,4,27,-612,-600,792,,29.4
Cody McLeod,36,LW,MIN,6.87,0,0,6.87,0,0,6.87,2,2,4,0,120,17,36,0,2,5,5,35,-607,-594,791,,27.8
T.J. Tynan,28,"C,RW",COL,7.67,0,0,7.67,0,0,7.67,1,4,5,0,24,10,7,12,54,5,17,23,-651,-654,796,,24.6
Dylan McIlrath,28,D,DET,12.17,0,0,12.17,0,0,12.17,0,1,1,0,122,32,52,0,0,21,17,42,-600,-544,785,,24.2
Brad Malone,31,"C,LW",EDM,7.92,0,0,7.92,0,0,7.92,1,1,2,0,111,17,8,98,118,6,4,44,-626,-613,794,,22.6
Joona Luoto,23,LW,WPG,7.06,0,0,7.06,0,0,7.06,1,0,1,0,38,27,8,0,0,19,11,35,-633,-620,795,,21.8
David Gustafsson,20,C,WPG,7.1,0,0,7.1,0,0,7.1,2,1,3,0,15,15,2,101,87,5,4,17,-683,-705,797,,20.4